worker_id,kind,last_seen_at,meta_json
w_8,rq,2025-10-11 10:28:15.792147+00:00,"{""load"": 0.8999501467236601, ""memory"": 75}"
w_16,rq,2025-10-12 20:46:30.024620+00:00,"{""load"": 0.4770499377168822, ""memory"": 69}"
w_18,celery,2025-10-04 11:08:54.631009+00:00,"{""load"": 0.8350126715752834, ""memory"": 70}"
w_16,sidekiq,2025-10-14 02:57:16.053954+00:00,"{""load"": 0.4740631241545077, ""memory"": 85}"
w_1,sidekiq,2025-10-02 11:40:10.197222+00:00,"{""load"": 0.9612945211409166, ""memory"": 86}"
w_8,sidekiq,2025-10-14 02:58:39.712210+00:00,"{""load"": 0.7997861914601062, ""memory"": 60}"
w_2,celery,2025-10-03 18:58:50.346924+00:00,"{""load"": 0.332254318189384, ""memory"": 52}"
w_5,sidekiq,2025-10-06 05:17:20.351588+00:00,"{""load"": 0.5733257638890635, ""memory"": 81}"
w_15,rq,2025-10-09 23:21:32.522315+00:00,"{""load"": 0.6550913108473859, ""memory"": 70}"
w_14,sidekiq,2025-10-14 04:18:34.599236+00:00,"{""load"": 0.5654427335151183, ""memory"": 65}"
w_3,celery,2025-10-05 01:54:56.462508+00:00,"{""load"": 0.8010527747728287, ""memory"": 50}"
w_7,rq,2025-10-12 04:33:39.005729+00:00,"{""load"": 0.9600582757647734, ""memory"": 98}"
w_4,rq,2025-10-11 10:42:23.153648+00:00,"{""load"": 0.9617436881703674, ""memory"": 74}"
w_11,rq,2025-10-03 17:39:43.718687+00:00,"{""load"": 0.4190314170841275, ""memory"": 87}"
w_12,sidekiq,2025-10-08 05:05:59.587369+00:00,"{""load"": 0.8025020338654403, ""memory"": 88}"
w_15,celery,2025-10-08 05:47:08.560708+00:00,"{""load"": 0.4178174517811243, ""memory"": 58}"
w_6,celery,2025-10-05 18:20:58.451009+00:00,"{""load"": 0.5461259523689345, ""memory"": 69}"
w_1,sidekiq,2025-10-12 10:03:12.824482+00:00,"{""load"": 0.7971677722253737, ""memory"": 90}"
w_18,celery,2025-10-14 11:06:49.587830+00:00,"{""load"": 0.8392361481137625, ""memory"": 85}"
w_14,rq,2025-10-11 12:46:06.045926+00:00,"{""load"": 0.5916894737431089, ""memory"": 54}"
w_7,rq,2025-10-15 02:54:46.045064+00:00,"{""load"": 0.4740315823689203, ""memory"": 98}"
w_10,celery,2025-10-02 04:57:26.662620+00:00,"{""load"": 0.9425902142769116, ""memory"": 55}"
w_9,celery,2025-10-02 00:30:24.559884+00:00,"{""load"": 0.9515042120351598, ""memory"": 64}"
w_2,sidekiq,2025-10-14 00:20:11.456296+00:00,"{""load"": 0.3841765552044174, ""memory"": 97}"
w_8,sidekiq,2025-10-14 01:39:39.327185+00:00,"{""load"": 0.07124873791039277, ""memory"": 79}"
w_1,sidekiq,2025-10-02 23:59:33.301642+00:00,"{""load"": 0.9770518594542353, ""memory"": 51}"
w_20,sidekiq,2025-10-06 12:06:06.740954+00:00,"{""load"": 0.12646537816246806, ""memory"": 93}"
w_2,sidekiq,2025-10-13 04:41:33.281685+00:00,"{""load"": 0.1437412560197192, ""memory"": 89}"
w_7,sidekiq,2025-10-03 07:11:22.803506+00:00,"{""load"": 0.36874478431666, ""memory"": 60}"
w_16,rq,2025-10-05 05:51:20.996628+00:00,"{""load"": 0.8908649570357761, ""memory"": 77}"
w_4,celery,2025-10-11 00:48:52.806183+00:00,"{""load"": 0.7612642812249876, ""memory"": 79}"
w_17,sidekiq,2025-10-15 05:55:05.096297+00:00,"{""load"": 0.3404477530416592, ""memory"": 56}"
w_4,rq,2025-10-12 15:50:19.140949+00:00,"{""load"": 0.5859372296875067, ""memory"": 75}"
w_3,celery,2025-10-12 09:10:43.396556+00:00,"{""load"": 0.45872405383057935, ""memory"": 59}"
w_9,celery,2025-10-06 07:08:04.758001+00:00,"{""load"": 0.9204466238957857, ""memory"": 82}"
w_15,celery,2025-10-10 18:12:40.579494+00:00,"{""load"": 0.15726344724733732, ""memory"": 55}"
w_20,sidekiq,2025-10-03 01:59:51.594291+00:00,"{""load"": 0.45993219662538876, ""memory"": 66}"
w_3,sidekiq,2025-10-15 09:24:06.203339+00:00,"{""load"": 0.36652685868202983, ""memory"": 89}"
w_12,sidekiq,2025-10-08 05:28:34.790755+00:00,"{""load"": 0.6861915004846021, ""memory"": 51}"
w_15,celery,2025-10-10 10:38:21.997453+00:00,"{""load"": 0.9203603139138601, ""memory"": 70}"
w_20,celery,2025-10-13 18:23:37.528645+00:00,"{""load"": 0.7890108430548304, ""memory"": 97}"
w_8,rq,2025-10-01 12:19:27.217846+00:00,"{""load"": 0.16121241391836993, ""memory"": 58}"
w_12,rq,2025-10-15 03:55:48.344420+00:00,"{""load"": 0.2999634508814911, ""memory"": 79}"
w_13,rq,2025-10-06 12:40:39.104001+00:00,"{""load"": 0.19854020282789397, ""memory"": 66}"
w_15,rq,2025-10-06 06:06:08.960792+00:00,"{""load"": 0.7193225538047202, ""memory"": 61}"
w_11,celery,2025-10-03 12:44:28.611338+00:00,"{""load"": 0.37873714726043883, ""memory"": 70}"
w_17,sidekiq,2025-10-13 12:20:59.862679+00:00,"{""load"": 0.44633402572063796, ""memory"": 91}"
w_12,sidekiq,2025-10-13 16:36:07.502585+00:00,"{""load"": 0.3378921445934604, ""memory"": 85}"
w_20,sidekiq,2025-10-01 18:42:58.693124+00:00,"{""load"": 0.42308736985390427, ""memory"": 66}"
w_18,sidekiq,2025-10-02 06:43:25.227168+00:00,"{""load"": 0.3256145071274624, ""memory"": 74}"
w_16,rq,2025-10-14 08:33:46.072702+00:00,"{""load"": 0.161886823356587, ""memory"": 82}"
w_3,celery,2025-10-03 05:17:01.292803+00:00,"{""load"": 0.4468941600565761, ""memory"": 50}"
w_9,sidekiq,2025-10-10 04:37:53.860414+00:00,"{""load"": 0.16069932648270358, ""memory"": 70}"
w_7,celery,2025-10-10 04:12:09.184524+00:00,"{""load"": 0.9215831340605264, ""memory"": 72}"
w_19,rq,2025-10-13 16:13:45.813347+00:00,"{""load"": 0.789262996991285, ""memory"": 82}"
w_5,rq,2025-10-09 12:24:42.405923+00:00,"{""load"": 0.9355681707661002, ""memory"": 55}"
w_19,sidekiq,2025-10-07 13:49:40.203121+00:00,"{""load"": 0.8620308742935098, ""memory"": 96}"
w_10,sidekiq,2025-10-15 03:23:30.994622+00:00,"{""load"": 0.8779236122333274, ""memory"": 65}"
w_20,rq,2025-10-04 16:52:55.199768+00:00,"{""load"": 0.6108222071639265, ""memory"": 69}"
w_12,rq,2025-10-05 04:16:23.714190+00:00,"{""load"": 0.23506100501004135, ""memory"": 71}"
w_8,celery,2025-10-02 16:28:57.374444+00:00,"{""load"": 0.8105931608770096, ""memory"": 92}"
w_3,rq,2025-10-15 03:42:23.222031+00:00,"{""load"": 0.4597109684483687, ""memory"": 92}"
w_19,celery,2025-10-11 09:20:13.308610+00:00,"{""load"": 0.08231529828732875, ""memory"": 79}"
w_11,rq,2025-10-01 16:03:52.637030+00:00,"{""load"": 0.06302606983153825, ""memory"": 73}"
w_8,celery,2025-10-11 08:38:58.247760+00:00,"{""load"": 0.6531357727815751, ""memory"": 62}"
w_13,rq,2025-10-07 03:47:23.040003+00:00,"{""load"": 0.7128396881493003, ""memory"": 86}"
w_10,rq,2025-10-15 01:05:48.107123+00:00,"{""load"": 0.9302394910430536, ""memory"": 73}"
w_18,celery,2025-10-05 09:12:07.922616+00:00,"{""load"": 0.19008879216420327, ""memory"": 81}"
w_12,celery,2025-10-11 10:39:22.355308+00:00,"{""load"": 0.9271847450602091, ""memory"": 81}"
w_7,sidekiq,2025-10-10 06:49:04.348293+00:00,"{""load"": 0.9147370599085243, ""memory"": 51}"
w_11,sidekiq,2025-10-01 16:02:55.649635+00:00,"{""load"": 0.31740532915896913, ""memory"": 93}"
w_10,rq,2025-10-13 21:25:58.397720+00:00,"{""load"": 0.8149579674929025, ""memory"": 98}"
w_3,rq,2025-10-03 10:54:35.473963+00:00,"{""load"": 0.8371755836394877, ""memory"": 95}"
w_7,celery,2025-10-10 18:57:56.987076+00:00,"{""load"": 0.4625236314105903, ""memory"": 50}"
w_4,rq,2025-10-12 08:35:03.406081+00:00,"{""load"": 0.7780902238487407, ""memory"": 58}"
w_8,sidekiq,2025-10-10 07:59:30.081205+00:00,"{""load"": 0.5591382688397522, ""memory"": 58}"
w_8,celery,2025-10-02 20:37:48.934145+00:00,"{""load"": 0.23256854107333125, ""memory"": 69}"
w_6,rq,2025-10-15 03:39:36.683214+00:00,"{""load"": 0.43630563095716435, ""memory"": 52}"
w_13,celery,2025-10-04 19:34:14.949405+00:00,"{""load"": 0.3978580182372561, ""memory"": 72}"
w_12,sidekiq,2025-10-10 06:57:45.225724+00:00,"{""load"": 0.13192220842346847, ""memory"": 95}"
w_3,sidekiq,2025-10-12 15:51:06.579273+00:00,"{""load"": 0.4169420162710593, ""memory"": 68}"
w_6,sidekiq,2025-10-14 15:34:59.877583+00:00,"{""load"": 0.3507725846011295, ""memory"": 99}"
w_19,rq,2025-10-09 22:56:51.136188+00:00,"{""load"": 0.3076922436530731, ""memory"": 83}"
w_11,rq,2025-10-05 03:02:31.898828+00:00,"{""load"": 0.41006244847857054, ""memory"": 76}"
w_4,rq,2025-10-13 05:06:38.555455+00:00,"{""load"": 0.6404061169196741, ""memory"": 81}"
w_15,rq,2025-10-03 18:50:30.870813+00:00,"{""load"": 0.7219496034745249, ""memory"": 89}"
w_2,rq,2025-10-01 19:29:12.824995+00:00,"{""load"": 0.2979745523466443, ""memory"": 67}"
w_15,rq,2025-10-14 05:08:16.859172+00:00,"{""load"": 0.1263080003123236, ""memory"": 88}"
w_17,sidekiq,2025-10-09 13:19:50.483663+00:00,"{""load"": 0.9714920564732138, ""memory"": 56}"
w_2,sidekiq,2025-10-02 11:23:58.347285+00:00,"{""load"": 0.703942941806841, ""memory"": 51}"
w_7,rq,2025-10-09 14:47:20.666664+00:00,"{""load"": 0.6014929529749413, ""memory"": 63}"
w_16,sidekiq,2025-10-03 12:43:29.138003+00:00,"{""load"": 0.2761240784481376, ""memory"": 53}"
w_5,celery,2025-10-01 22:32:44.513338+00:00,"{""load"": 0.6300731498609492, ""memory"": 70}"
w_16,rq,2025-10-03 03:09:07.487845+00:00,"{""load"": 0.41037837538895994, ""memory"": 69}"
w_19,celery,2025-10-12 08:26:09.945521+00:00,"{""load"": 0.9973824938253695, ""memory"": 84}"
w_2,rq,2025-10-12 01:54:07.430463+00:00,"{""load"": 0.2865570241451274, ""memory"": 94}"
w_15,rq,2025-10-09 23:03:03.215994+00:00,"{""load"": 0.4866686170088401, ""memory"": 84}"
w_4,sidekiq,2025-10-04 10:20:03.499479+00:00,"{""load"": 0.9639157905858297, ""memory"": 83}"
w_2,celery,2025-10-11 20:17:34.562786+00:00,"{""load"": 0.1261099813368064, ""memory"": 61}"
w_10,sidekiq,2025-10-07 05:06:11.555223+00:00,"{""load"": 0.3701226204775434, ""memory"": 59}"
w_5,rq,2025-10-08 15:36:47.575276+00:00,"{""load"": 0.9356193563286571, ""memory"": 62}"
w_18,celery,2025-10-14 01:36:26.182648+00:00,"{""load"": 0.4681960449310212, ""memory"": 81}"
w_4,rq,2025-10-07 21:50:24.460714+00:00,"{""load"": 0.5680502544030297, ""memory"": 52}"
w_1,sidekiq,2025-10-10 06:27:32.499699+00:00,"{""load"": 0.30763760810008967, ""memory"": 78}"
w_18,rq,2025-10-14 23:08:54.604527+00:00,"{""load"": 0.0040246115968891605, ""memory"": 59}"
w_20,rq,2025-10-07 19:40:01.221630+00:00,"{""load"": 0.05377512794871575, ""memory"": 76}"
w_6,sidekiq,2025-10-09 08:24:16.465654+00:00,"{""load"": 0.7053090605220667, ""memory"": 51}"
w_20,rq,2025-10-09 16:21:47.930259+00:00,"{""load"": 0.3407393557110129, ""memory"": 70}"
w_20,celery,2025-10-04 20:52:44.701612+00:00,"{""load"": 0.9299828176615764, ""memory"": 82}"
w_14,sidekiq,2025-10-11 19:36:20.926537+00:00,"{""load"": 0.16979500493567934, ""memory"": 75}"
w_10,rq,2025-10-11 16:09:00.149400+00:00,"{""load"": 0.47859537859595846, ""memory"": 74}"
w_18,sidekiq,2025-10-04 11:45:18.234513+00:00,"{""load"": 0.8453117813301047, ""memory"": 75}"
w_9,rq,2025-10-01 16:28:53.699032+00:00,"{""load"": 0.8768394060751857, ""memory"": 73}"
w_12,sidekiq,2025-10-15 11:38:39.723760+00:00,"{""load"": 0.25131070172297765, ""memory"": 81}"
w_10,sidekiq,2025-10-09 15:24:48.521789+00:00,"{""load"": 0.43315821934719734, ""memory"": 91}"
w_19,celery,2025-10-04 00:49:36.358458+00:00,"{""load"": 0.7936712853056489, ""memory"": 90}"
w_6,sidekiq,2025-10-05 11:16:40.807650+00:00,"{""load"": 0.24764611704565553, ""memory"": 73}"
w_14,celery,2025-10-10 03:34:41.254256+00:00,"{""load"": 0.23036766342481607, ""memory"": 64}"
w_8,sidekiq,2025-10-03 10:14:19.806836+00:00,"{""load"": 0.38932392172652097, ""memory"": 90}"
w_14,sidekiq,2025-10-02 00:31:34.658647+00:00,"{""load"": 0.6585064471923961, ""memory"": 52}"
w_11,rq,2025-10-12 16:17:21.207756+00:00,"{""load"": 0.39951429804681604, ""memory"": 93}"
w_16,rq,2025-10-11 12:31:27.617168+00:00,"{""load"": 0.6250535729703665, ""memory"": 79}"
w_20,rq,2025-10-05 20:01:34.153582+00:00,"{""load"": 0.868759386727768, ""memory"": 84}"
w_6,sidekiq,2025-10-02 07:39:11.170556+00:00,"{""load"": 0.08182392284596829, ""memory"": 62}"
w_15,sidekiq,2025-10-08 07:23:13.293762+00:00,"{""load"": 0.5190992417621837, ""memory"": 75}"
w_15,celery,2025-10-05 08:47:54.936294+00:00,"{""load"": 0.6578635056049698, ""memory"": 68}"
w_14,celery,2025-10-07 01:39:13.741263+00:00,"{""load"": 0.45121014325756703, ""memory"": 94}"
w_12,celery,2025-10-05 08:03:13.321376+00:00,"{""load"": 0.5780401116288002, ""memory"": 79}"
w_2,rq,2025-10-03 22:53:23.713062+00:00,"{""load"": 0.7499002626622022, ""memory"": 65}"
w_8,rq,2025-10-06 22:01:42.846157+00:00,"{""load"": 0.31451237037261315, ""memory"": 78}"
w_19,celery,2025-10-15 00:12:15.931759+00:00,"{""load"": 0.3226623664973406, ""memory"": 72}"
w_14,sidekiq,2025-10-05 05:27:09.227935+00:00,"{""load"": 0.8798567688426544, ""memory"": 82}"
w_5,rq,2025-10-06 04:53:05.252639+00:00,"{""load"": 0.05861897061358046, ""memory"": 65}"
w_9,rq,2025-10-06 02:37:31.163751+00:00,"{""load"": 0.1968671510108072, ""memory"": 92}"
w_13,celery,2025-10-08 05:22:37.356419+00:00,"{""load"": 0.9471096141455893, ""memory"": 62}"
w_9,rq,2025-10-13 07:25:04.299724+00:00,"{""load"": 0.25153139041497585, ""memory"": 81}"
w_14,celery,2025-10-07 03:06:47.486738+00:00,"{""load"": 0.054626288766484565, ""memory"": 78}"
w_5,rq,2025-10-12 18:51:56.577294+00:00,"{""load"": 0.4503469493303285, ""memory"": 71}"
w_2,sidekiq,2025-10-03 02:38:38.647570+00:00,"{""load"": 0.7689094395474751, ""memory"": 93}"
w_7,sidekiq,2025-10-14 00:41:19.754783+00:00,"{""load"": 0.3648210422175162, ""memory"": 94}"
w_16,rq,2025-10-04 02:15:43.819431+00:00,"{""load"": 0.23049751756641312, ""memory"": 96}"
w_11,celery,2025-10-02 01:10:18.133290+00:00,"{""load"": 0.4169069652234766, ""memory"": 63}"
w_11,rq,2025-10-03 17:12:25.579464+00:00,"{""load"": 0.7157773516660826, ""memory"": 54}"
w_12,celery,2025-10-04 04:05:30.947545+00:00,"{""load"": 0.14808783804016024, ""memory"": 64}"
w_13,rq,2025-10-08 14:51:26.592761+00:00,"{""load"": 0.1678814283769029, ""memory"": 82}"
w_8,sidekiq,2025-10-07 19:10:45.358914+00:00,"{""load"": 0.9119685798632257, ""memory"": 69}"
w_16,sidekiq,2025-10-11 12:32:01.694721+00:00,"{""load"": 0.2720030559311891, ""memory"": 94}"
w_1,rq,2025-10-02 05:07:10.433376+00:00,"{""load"": 0.8174314092138697, ""memory"": 72}"
w_13,rq,2025-10-08 11:13:45.481665+00:00,"{""load"": 0.7671713301718087, ""memory"": 58}"
w_11,rq,2025-10-06 03:42:37.196087+00:00,"{""load"": 0.7852675610088865, ""memory"": 79}"
w_4,sidekiq,2025-10-10 07:55:02.379297+00:00,"{""load"": 0.7152956618574642, ""memory"": 80}"
w_4,sidekiq,2025-10-02 02:40:59.186302+00:00,"{""load"": 0.6374284763752694, ""memory"": 62}"
w_15,celery,2025-10-01 23:44:17.144867+00:00,"{""load"": 0.028631704733641516, ""memory"": 52}"
w_3,rq,2025-10-07 11:33:23.537049+00:00,"{""load"": 0.4237717467795218, ""memory"": 54}"
w_19,rq,2025-10-12 20:36:36.234042+00:00,"{""load"": 0.999518131415453, ""memory"": 94}"
w_2,sidekiq,2025-10-10 21:29:15.379978+00:00,"{""load"": 0.1073452911679098, ""memory"": 86}"
w_6,rq,2025-10-01 17:36:47.688776+00:00,"{""load"": 0.5191071837016356, ""memory"": 83}"
w_8,celery,2025-10-03 23:57:59.845161+00:00,"{""load"": 0.38467062479743397, ""memory"": 65}"
w_17,rq,2025-10-04 16:10:54.379480+00:00,"{""load"": 0.44596111597618315, ""memory"": 54}"
w_5,sidekiq,2025-10-07 10:08:52.078759+00:00,"{""load"": 0.8491630701436206, ""memory"": 96}"
w_2,rq,2025-10-09 17:08:11.291272+00:00,"{""load"": 0.9822217238041521, ""memory"": 62}"
w_12,sidekiq,2025-10-04 12:43:50.226346+00:00,"{""load"": 0.015222471491490808, ""memory"": 75}"
w_5,celery,2025-10-06 20:31:29.205922+00:00,"{""load"": 0.817109395192114, ""memory"": 58}"
w_10,celery,2025-10-09 16:12:17.929375+00:00,"{""load"": 0.6507971417200795, ""memory"": 65}"
w_9,rq,2025-10-06 20:50:03.343599+00:00,"{""load"": 0.8786190557049793, ""memory"": 67}"
w_20,rq,2025-10-03 12:06:17.732107+00:00,"{""load"": 0.9399832853908264, ""memory"": 92}"
w_8,sidekiq,2025-10-08 09:11:53.297451+00:00,"{""load"": 0.8835200936741688, ""memory"": 94}"
w_1,celery,2025-10-06 00:51:43.379426+00:00,"{""load"": 0.3636681134371731, ""memory"": 62}"
w_6,celery,2025-10-13 14:22:02.243346+00:00,"{""load"": 0.5720946067281736, ""memory"": 95}"
w_11,celery,2025-10-12 08:36:35.888830+00:00,"{""load"": 0.2529528513335707, ""memory"": 53}"
w_3,celery,2025-10-04 03:55:56.751566+00:00,"{""load"": 0.680817089953536, ""memory"": 73}"
w_15,rq,2025-10-03 15:17:08.253194+00:00,"{""load"": 0.8043219414341211, ""memory"": 58}"
w_11,rq,2025-10-06 08:49:09.704041+00:00,"{""load"": 0.41583405026802966, ""memory"": 84}"
w_5,sidekiq,2025-10-07 06:29:26.275737+00:00,"{""load"": 0.31195000918581606, ""memory"": 84}"
w_16,celery,2025-10-14 13:09:29.155842+00:00,"{""load"": 0.8132549511218989, ""memory"": 69}"
w_7,rq,2025-10-05 17:20:40.443578+00:00,"{""load"": 0.7221886124756745, ""memory"": 75}"
w_6,rq,2025-10-13 15:30:30.033351+00:00,"{""load"": 0.8677410586716948, ""memory"": 79}"
w_9,celery,2025-10-08 13:47:02.104306+00:00,"{""load"": 0.11466320614196035, ""memory"": 85}"
w_7,rq,2025-10-13 21:34:10.458434+00:00,"{""load"": 0.254926566020909, ""memory"": 50}"
w_3,sidekiq,2025-10-11 07:51:23.289057+00:00,"{""load"": 0.127376032527851, ""memory"": 75}"
w_11,sidekiq,2025-10-11 10:01:07.295825+00:00,"{""load"": 0.7372187164369404, ""memory"": 68}"
w_12,celery,2025-10-08 18:18:57.440875+00:00,"{""load"": 0.7509732596671058, ""memory"": 67}"
w_11,sidekiq,2025-10-13 06:20:31.768693+00:00,"{""load"": 0.178373663477029, ""memory"": 97}"
w_2,rq,2025-10-05 01:29:12.244420+00:00,"{""load"": 0.2812947955282449, ""memory"": 87}"
w_1,sidekiq,2025-10-14 04:52:12.098027+00:00,"{""load"": 0.4888059077349419, ""memory"": 55}"
w_2,rq,2025-10-10 09:57:24.074252+00:00,"{""load"": 0.09171961532076933, ""memory"": 60}"
w_14,celery,2025-10-07 15:24:22.287245+00:00,"{""load"": 0.2386242437463968, ""memory"": 75}"
w_13,celery,2025-10-15 06:00:56.907171+00:00,"{""load"": 0.3941561801339458, ""memory"": 97}"
w_5,rq,2025-10-13 13:38:12.263720+00:00,"{""load"": 0.6481795582653734, ""memory"": 58}"
w_2,rq,2025-10-12 07:23:56.617121+00:00,"{""load"": 0.6280545311504252, ""memory"": 57}"
w_19,sidekiq,2025-10-05 08:01:52.429005+00:00,"{""load"": 0.9662943297181461, ""memory"": 82}"
w_17,rq,2025-10-15 03:10:36.751243+00:00,"{""load"": 0.9850955233397977, ""memory"": 69}"
w_11,celery,2025-10-11 21:38:37.683418+00:00,"{""load"": 0.7222780990363494, ""memory"": 94}"
w_16,rq,2025-10-09 23:21:10.826762+00:00,"{""load"": 0.809164975974397, ""memory"": 88}"
w_20,sidekiq,2025-10-14 09:43:28.347415+00:00,"{""load"": 0.20488722869177545, ""memory"": 79}"
w_18,sidekiq,2025-10-03 18:29:34.962461+00:00,"{""load"": 0.9800927138592751, ""memory"": 93}"
w_20,rq,2025-10-03 10:42:33.817424+00:00,"{""load"": 0.71696170148585, ""memory"": 50}"
w_8,sidekiq,2025-10-09 09:24:27.746047+00:00,"{""load"": 0.08139408800789405, ""memory"": 86}"
w_2,sidekiq,2025-10-02 07:03:20.766487+00:00,"{""load"": 0.6151232896516171, ""memory"": 62}"
w_17,celery,2025-10-10 19:05:58.508114+00:00,"{""load"": 0.83291827812863, ""memory"": 87}"
w_11,rq,2025-10-04 20:53:20.480665+00:00,"{""load"": 0.8269788274840308, ""memory"": 64}"
w_14,celery,2025-10-03 03:59:34.548680+00:00,"{""load"": 0.424261863628575, ""memory"": 91}"
w_16,celery,2025-10-07 05:35:26.179908+00:00,"{""load"": 0.7705489806935679, ""memory"": 87}"
w_15,sidekiq,2025-10-08 00:33:32.668052+00:00,"{""load"": 0.26970076524568376, ""memory"": 73}"
w_15,celery,2025-10-03 21:16:58.491369+00:00,"{""load"": 0.8993591996761742, ""memory"": 66}"
w_3,rq,2025-10-02 01:57:21.063749+00:00,"{""load"": 0.6699958735292785, ""memory"": 73}"
w_7,rq,2025-10-07 07:07:21.643162+00:00,"{""load"": 0.8784449129510794, ""memory"": 81}"
w_12,rq,2025-10-12 03:12:03.056012+00:00,"{""load"": 0.6465546369144514, ""memory"": 86}"
w_3,celery,2025-10-13 17:43:52.042519+00:00,"{""load"": 0.45990892195516075, ""memory"": 76}"
w_19,rq,2025-10-02 20:46:34.416579+00:00,"{""load"": 0.3572789301040441, ""memory"": 71}"
w_10,rq,2025-10-08 20:17:27.440058+00:00,"{""load"": 0.06059769646249347, ""memory"": 92}"
w_8,celery,2025-10-05 04:30:12.255260+00:00,"{""load"": 0.44011590757677366, ""memory"": 71}"
w_16,celery,2025-10-06 17:52:37.128672+00:00,"{""load"": 0.15854708674934914, ""memory"": 70}"
w_16,celery,2025-10-14 13:38:11.237278+00:00,"{""load"": 0.10669007054927138, ""memory"": 62}"
w_12,celery,2025-10-06 10:17:49.645355+00:00,"{""load"": 0.09297331344580029, ""memory"": 98}"
w_5,sidekiq,2025-10-06 14:45:22.437144+00:00,"{""load"": 0.9087568169332881, ""memory"": 98}"
w_20,celery,2025-10-04 10:21:25.190821+00:00,"{""load"": 0.6186216854080555, ""memory"": 56}"
w_6,celery,2025-10-14 22:33:58.278444+00:00,"{""load"": 0.43813757136956677, ""memory"": 67}"
w_6,rq,2025-10-07 21:22:47.106616+00:00,"{""load"": 0.4507246091045378, ""memory"": 99}"
w_8,rq,2025-10-09 11:39:06.325355+00:00,"{""load"": 0.3330384233986733, ""memory"": 82}"
w_17,celery,2025-10-07 20:15:52.124448+00:00,"{""load"": 0.4614929614915926, ""memory"": 62}"
w_12,celery,2025-10-05 00:58:50.915254+00:00,"{""load"": 0.9206160842256454, ""memory"": 72}"
w_14,celery,2025-10-12 20:17:55.096855+00:00,"{""load"": 0.6745037787662376, ""memory"": 65}"
w_2,rq,2025-10-01 21:33:58.794821+00:00,"{""load"": 0.07455188487023212, ""memory"": 60}"
w_19,rq,2025-10-11 03:55:18.453039+00:00,"{""load"": 0.09416380885282982, ""memory"": 88}"
w_6,celery,2025-10-09 19:40:32.391701+00:00,"{""load"": 0.31002533095909135, ""memory"": 82}"
w_18,rq,2025-10-03 12:28:41.875073+00:00,"{""load"": 0.0401350504349427, ""memory"": 97}"
w_4,rq,2025-10-03 19:44:38.741586+00:00,"{""load"": 0.28844195223824654, ""memory"": 67}"
w_5,celery,2025-10-10 17:29:59.271125+00:00,"{""load"": 0.8685891415610018, ""memory"": 77}"
w_6,rq,2025-10-05 20:52:43.082396+00:00,"{""load"": 0.3640110553484528, ""memory"": 85}"
w_15,celery,2025-10-05 05:17:16.779349+00:00,"{""load"": 0.24706664542420886, ""memory"": 62}"
w_6,sidekiq,2025-10-02 07:52:35.213162+00:00,"{""load"": 0.19754388853155858, ""memory"": 68}"
w_8,sidekiq,2025-10-12 05:32:17.944845+00:00,"{""load"": 0.45806886236880606, ""memory"": 81}"
w_9,sidekiq,2025-10-13 20:34:39.972940+00:00,"{""load"": 0.014332519286428536, ""memory"": 60}"
w_6,rq,2025-10-12 23:28:03.727847+00:00,"{""load"": 0.9684107886911513, ""memory"": 54}"
w_2,sidekiq,2025-10-08 00:35:14.870947+00:00,"{""load"": 0.19093678435076555, ""memory"": 91}"
w_16,rq,2025-10-08 23:24:33.671819+00:00,"{""load"": 0.1972019988510333, ""memory"": 82}"
w_20,celery,2025-10-04 21:24:17.284244+00:00,"{""load"": 0.9387716110143898, ""memory"": 50}"
w_1,sidekiq,2025-10-03 22:04:45.092801+00:00,"{""load"": 0.13086106632466055, ""memory"": 98}"
w_16,rq,2025-10-13 00:31:42.221149+00:00,"{""load"": 0.5048768014355995, ""memory"": 71}"
w_1,sidekiq,2025-10-12 16:14:37.096595+00:00,"{""load"": 0.49167729290845996, ""memory"": 68}"
w_1,rq,2025-10-12 09:11:34.448477+00:00,"{""load"": 0.49451956297028443, ""memory"": 68}"
w_7,rq,2025-10-07 23:41:19.417019+00:00,"{""load"": 0.24188464798278753, ""memory"": 50}"
w_16,celery,2025-10-13 14:28:28.587518+00:00,"{""load"": 0.009253920216963474, ""memory"": 84}"
w_17,rq,2025-10-14 11:12:50.311087+00:00,"{""load"": 0.1465258197813687, ""memory"": 92}"
w_16,rq,2025-10-06 02:19:25.319293+00:00,"{""load"": 0.15184344564527563, ""memory"": 65}"
w_16,sidekiq,2025-10-04 15:29:50.457258+00:00,"{""load"": 0.8149833644785408, ""memory"": 52}"
w_6,celery,2025-10-07 23:59:32.562027+00:00,"{""load"": 0.40628060922895026, ""memory"": 80}"
w_18,rq,2025-10-04 00:15:13.161034+00:00,"{""load"": 0.2451321648345136, ""memory"": 68}"
w_3,sidekiq,2025-10-13 21:01:29.889865+00:00,"{""load"": 0.7362059768552255, ""memory"": 69}"
w_8,celery,2025-10-06 05:33:53.308894+00:00,"{""load"": 0.0779744235218115, ""memory"": 56}"
w_4,rq,2025-10-09 13:35:37.392999+00:00,"{""load"": 0.7507587602823569, ""memory"": 99}"
w_4,sidekiq,2025-10-09 19:49:32.702249+00:00,"{""load"": 0.88973897623042, ""memory"": 56}"
w_17,celery,2025-10-08 17:02:09.340066+00:00,"{""load"": 0.576166674126867, ""memory"": 92}"
w_5,celery,2025-10-03 16:35:33.498118+00:00,"{""load"": 0.14814121772237565, ""memory"": 78}"
w_14,celery,2025-10-15 08:58:34.374257+00:00,"{""load"": 0.8335234421809976, ""memory"": 53}"
w_15,celery,2025-10-03 21:59:40.866090+00:00,"{""load"": 0.10752704378425793, ""memory"": 81}"
w_12,rq,2025-10-12 00:30:23.303347+00:00,"{""load"": 0.023654373098312753, ""memory"": 83}"
w_13,rq,2025-10-12 13:53:52.532457+00:00,"{""load"": 0.4295411753952091, ""memory"": 57}"
w_18,celery,2025-10-03 12:46:30.021634+00:00,"{""load"": 0.09162648449929123, ""memory"": 79}"
w_14,celery,2025-10-14 13:32:34.583571+00:00,"{""load"": 0.6936002228467437, ""memory"": 62}"
w_19,rq,2025-10-08 07:53:12.999275+00:00,"{""load"": 0.6093957634322407, ""memory"": 87}"
w_7,sidekiq,2025-10-10 07:18:16.826683+00:00,"{""load"": 0.9441285990153796, ""memory"": 80}"
w_6,celery,2025-10-10 11:46:28.253380+00:00,"{""load"": 0.30676582065295155, ""memory"": 91}"
w_5,rq,2025-10-08 13:39:53.719916+00:00,"{""load"": 0.5163018208762579, ""memory"": 58}"
w_4,rq,2025-10-03 11:43:09.864569+00:00,"{""load"": 0.33448060812405667, ""memory"": 93}"
w_18,sidekiq,2025-10-12 00:35:20.861705+00:00,"{""load"": 0.05318534146714948, ""memory"": 89}"
w_14,rq,2025-10-09 15:28:48.146165+00:00,"{""load"": 0.5877090299518641, ""memory"": 98}"
w_16,celery,2025-10-03 03:52:36.072215+00:00,"{""load"": 0.9961151701929123, ""memory"": 69}"
w_20,rq,2025-10-11 07:18:29.453259+00:00,"{""load"": 0.42772551535431924, ""memory"": 55}"
w_14,celery,2025-10-11 08:07:42.440272+00:00,"{""load"": 0.6030542679324817, ""memory"": 77}"
w_5,rq,2025-10-09 04:17:29.205198+00:00,"{""load"": 0.6136773766768955, ""memory"": 50}"
w_11,celery,2025-10-02 18:25:27.840929+00:00,"{""load"": 0.7977065734873767, ""memory"": 84}"
w_12,celery,2025-10-06 10:29:18.220063+00:00,"{""load"": 0.23530839807537074, ""memory"": 56}"
w_18,rq,2025-10-02 05:06:37.800585+00:00,"{""load"": 0.27331722301410066, ""memory"": 65}"
w_4,celery,2025-10-08 04:28:20.144372+00:00,"{""load"": 0.21799348108436978, ""memory"": 84}"
w_13,rq,2025-10-14 04:33:58.450739+00:00,"{""load"": 0.2845807390476489, ""memory"": 72}"
w_20,rq,2025-10-01 12:45:25.207769+00:00,"{""load"": 0.8903921349668326, ""memory"": 84}"
w_13,rq,2025-10-05 05:35:26.114720+00:00,"{""load"": 0.36239345201381123, ""memory"": 72}"
w_4,celery,2025-10-12 16:45:09.568749+00:00,"{""load"": 0.5889754347615201, ""memory"": 92}"
w_7,rq,2025-10-01 15:18:47.664591+00:00,"{""load"": 0.09037353797248393, ""memory"": 58}"
w_2,sidekiq,2025-10-01 15:25:05.789451+00:00,"{""load"": 0.5624753354498523, ""memory"": 66}"
w_18,celery,2025-10-10 01:14:06.161740+00:00,"{""load"": 0.821192758363614, ""memory"": 64}"
w_6,sidekiq,2025-10-12 13:10:16.025824+00:00,"{""load"": 0.6469114075402079, ""memory"": 87}"
w_16,sidekiq,2025-10-12 08:54:20.952968+00:00,"{""load"": 0.18023660795346985, ""memory"": 67}"
w_3,sidekiq,2025-10-12 09:56:17.573898+00:00,"{""load"": 0.7687109087674142, ""memory"": 64}"
w_15,sidekiq,2025-10-06 13:17:53.274691+00:00,"{""load"": 0.30555111422321346, ""memory"": 75}"
w_20,rq,2025-10-13 20:35:43.124914+00:00,"{""load"": 0.648110587790972, ""memory"": 94}"
w_10,sidekiq,2025-10-01 16:18:45.943449+00:00,"{""load"": 0.2228663098924406, ""memory"": 70}"
w_9,celery,2025-10-05 20:53:43.496000+00:00,"{""load"": 0.6869609549868446, ""memory"": 72}"
w_11,sidekiq,2025-10-06 05:17:42.235673+00:00,"{""load"": 0.8159045863814569, ""memory"": 74}"
w_14,sidekiq,2025-10-03 19:37:54.833791+00:00,"{""load"": 0.4830274151905406, ""memory"": 59}"
w_12,sidekiq,2025-10-06 04:58:18.936931+00:00,"{""load"": 0.4306676895328402, ""memory"": 68}"
w_7,rq,2025-10-09 16:51:25.443711+00:00,"{""load"": 0.5781784816626232, ""memory"": 78}"
w_11,sidekiq,2025-10-08 18:48:49.856639+00:00,"{""load"": 0.6803521921518915, ""memory"": 56}"
w_17,sidekiq,2025-10-05 23:19:39.332944+00:00,"{""load"": 0.1305733307866399, ""memory"": 73}"
w_9,sidekiq,2025-10-11 23:46:26.560550+00:00,"{""load"": 0.0368358171033033, ""memory"": 83}"
w_13,celery,2025-10-11 12:10:10.683678+00:00,"{""load"": 0.9929081920521134, ""memory"": 75}"
w_16,rq,2025-10-05 10:18:50.458677+00:00,"{""load"": 0.9409354761253144, ""memory"": 77}"
w_3,rq,2025-10-06 00:36:17.063904+00:00,"{""load"": 0.26828785088883256, ""memory"": 56}"
w_5,rq,2025-10-05 12:36:24.432265+00:00,"{""load"": 0.9045910158531684, ""memory"": 71}"
w_17,celery,2025-10-03 07:17:38.371012+00:00,"{""load"": 0.755192259625745, ""memory"": 95}"
w_1,sidekiq,2025-10-12 00:56:04.675325+00:00,"{""load"": 0.25402769258304025, ""memory"": 61}"
w_9,celery,2025-10-02 03:32:56.067119+00:00,"{""load"": 0.4244376040008935, ""memory"": 88}"
w_17,rq,2025-10-03 14:35:42.165668+00:00,"{""load"": 0.23079765489465642, ""memory"": 90}"
w_13,rq,2025-10-02 23:22:56.344668+00:00,"{""load"": 0.9756521313912715, ""memory"": 85}"
w_15,rq,2025-10-13 01:18:50.024794+00:00,"{""load"": 0.11876741294061999, ""memory"": 93}"
w_8,celery,2025-10-02 02:47:12.700212+00:00,"{""load"": 0.42169371371818176, ""memory"": 72}"
w_8,rq,2025-10-10 19:18:53.169883+00:00,"{""load"": 0.25289627349037136, ""memory"": 94}"
w_2,sidekiq,2025-10-02 02:56:36.474238+00:00,"{""load"": 0.7421327856246376, ""memory"": 86}"
w_10,celery,2025-10-12 12:14:41.941384+00:00,"{""load"": 0.6205526585948811, ""memory"": 58}"
w_5,sidekiq,2025-10-14 06:40:18.958902+00:00,"{""load"": 0.2152852250771915, ""memory"": 58}"
w_16,rq,2025-10-08 07:34:45.493393+00:00,"{""load"": 0.18280003024563096, ""memory"": 76}"
w_19,rq,2025-10-12 18:19:33.762504+00:00,"{""load"": 0.39250769055140267, ""memory"": 75}"
w_1,celery,2025-10-11 09:21:14.180536+00:00,"{""load"": 0.36484106123827353, ""memory"": 66}"
w_13,sidekiq,2025-10-12 15:20:00.449413+00:00,"{""load"": 0.8349408032137124, ""memory"": 73}"
w_4,celery,2025-10-12 05:38:11.281347+00:00,"{""load"": 0.3568551531379567, ""memory"": 57}"
w_7,sidekiq,2025-10-04 09:00:12.992170+00:00,"{""load"": 0.3476529475832968, ""memory"": 73}"
w_1,rq,2025-10-08 11:51:06.578683+00:00,"{""load"": 0.23059943485018308, ""memory"": 77}"
w_2,celery,2025-10-14 22:41:57.000748+00:00,"{""load"": 0.7723220452263659, ""memory"": 51}"
w_16,celery,2025-10-06 07:25:37.449766+00:00,"{""load"": 0.7147986077330956, ""memory"": 99}"
w_14,sidekiq,2025-10-15 02:05:01.184835+00:00,"{""load"": 0.2732624545555823, ""memory"": 72}"
w_5,rq,2025-10-09 15:56:32.406150+00:00,"{""load"": 0.06849707476267897, ""memory"": 62}"
w_14,rq,2025-10-07 23:06:05.170809+00:00,"{""load"": 0.07298271473095086, ""memory"": 98}"
w_17,sidekiq,2025-10-10 17:00:23.429696+00:00,"{""load"": 0.19056124028573662, ""memory"": 82}"
w_12,sidekiq,2025-10-12 22:07:19.061457+00:00,"{""load"": 0.6539213699257515, ""memory"": 69}"
w_20,sidekiq,2025-10-07 00:27:14.184107+00:00,"{""load"": 0.5934314070505545, ""memory"": 76}"
w_12,sidekiq,2025-10-01 23:04:21.370219+00:00,"{""load"": 0.5871033550630373, ""memory"": 79}"
w_3,sidekiq,2025-10-11 10:09:32.098025+00:00,"{""load"": 0.5323847130744477, ""memory"": 67}"
w_2,rq,2025-10-14 21:16:19.342528+00:00,"{""load"": 0.611336346952953, ""memory"": 93}"
w_15,rq,2025-10-10 05:59:43.852174+00:00,"{""load"": 0.5735760877520161, ""memory"": 53}"
w_11,celery,2025-10-04 03:18:26.153249+00:00,"{""load"": 0.7004759013215406, ""memory"": 92}"
w_10,rq,2025-10-04 23:24:34.166926+00:00,"{""load"": 0.6349468296029644, ""memory"": 65}"
w_18,sidekiq,2025-10-14 05:40:34.469257+00:00,"{""load"": 0.2186183312588591, ""memory"": 88}"
w_2,rq,2025-10-01 16:33:24.710843+00:00,"{""load"": 0.9383865211333915, ""memory"": 80}"
w_7,rq,2025-10-09 04:22:43.966545+00:00,"{""load"": 0.823912127456629, ""memory"": 90}"
w_7,rq,2025-10-03 17:18:56.479627+00:00,"{""load"": 0.6548489327759801, ""memory"": 78}"
w_7,celery,2025-10-05 11:00:31.860839+00:00,"{""load"": 0.7972996581819937, ""memory"": 93}"
w_14,celery,2025-10-05 19:08:45.003227+00:00,"{""load"": 0.3904784405261067, ""memory"": 68}"
w_2,sidekiq,2025-10-04 13:40:44.411664+00:00,"{""load"": 0.9934163572758093, ""memory"": 99}"
w_2,sidekiq,2025-10-12 14:13:49.055049+00:00,"{""load"": 0.743076134782676, ""memory"": 87}"
w_15,celery,2025-10-06 03:37:20.216845+00:00,"{""load"": 0.8079617307637607, ""memory"": 84}"
w_11,rq,2025-10-06 08:04:58.645435+00:00,"{""load"": 0.7452184771961559, ""memory"": 51}"
w_10,rq,2025-10-07 20:12:37.041844+00:00,"{""load"": 0.5250532078015666, ""memory"": 69}"
w_3,celery,2025-10-14 03:10:16.381260+00:00,"{""load"": 0.2808869366096629, ""memory"": 65}"
w_17,sidekiq,2025-10-11 03:13:34.099539+00:00,"{""load"": 0.8183730538698947, ""memory"": 87}"
w_9,rq,2025-10-02 08:44:52.442161+00:00,"{""load"": 0.7269409439386563, ""memory"": 78}"
w_15,sidekiq,2025-10-02 01:11:31.219686+00:00,"{""load"": 0.7128055923916904, ""memory"": 86}"
w_14,rq,2025-10-09 10:18:24.412096+00:00,"{""load"": 0.9238112699578551, ""memory"": 70}"
w_19,sidekiq,2025-10-13 22:03:08.455465+00:00,"{""load"": 0.0383490509254073, ""memory"": 69}"
w_17,rq,2025-10-06 00:36:44.985370+00:00,"{""load"": 0.6169782808672586, ""memory"": 85}"
w_20,sidekiq,2025-10-04 23:15:04.804240+00:00,"{""load"": 0.43756532514714264, ""memory"": 89}"
w_17,sidekiq,2025-10-11 23:23:31.888411+00:00,"{""load"": 0.6033174468894399, ""memory"": 68}"
w_16,sidekiq,2025-10-09 22:18:09.716882+00:00,"{""load"": 0.3749098380089979, ""memory"": 86}"
w_20,celery,2025-10-09 09:50:57.073315+00:00,"{""load"": 0.27882013624669666, ""memory"": 52}"
w_8,sidekiq,2025-10-03 14:09:54.730484+00:00,"{""load"": 0.3354619141411559, ""memory"": 52}"
w_7,celery,2025-10-03 23:07:22.811052+00:00,"{""load"": 0.8177512472399041, ""memory"": 52}"
w_12,celery,2025-10-05 10:40:50.493758+00:00,"{""load"": 0.5176836525300744, ""memory"": 92}"
w_1,sidekiq,2025-10-04 09:29:52.375391+00:00,"{""load"": 0.2346518693030748, ""memory"": 83}"
w_12,celery,2025-10-15 02:24:19.563608+00:00,"{""load"": 0.09036974851247814, ""memory"": 88}"
w_6,celery,2025-10-01 18:15:11.885384+00:00,"{""load"": 0.2743501638553697, ""memory"": 91}"
w_16,celery,2025-10-10 06:21:17.746964+00:00,"{""load"": 0.679317365656695, ""memory"": 60}"
w_18,rq,2025-10-08 17:54:47.538569+00:00,"{""load"": 0.23116581965392025, ""memory"": 79}"
w_19,sidekiq,2025-10-06 00:36:44.694943+00:00,"{""load"": 0.683770012088142, ""memory"": 77}"
w_3,celery,2025-10-13 22:13:47.306161+00:00,"{""load"": 0.9960769157965979, ""memory"": 99}"
w_3,sidekiq,2025-10-10 21:10:28.653792+00:00,"{""load"": 0.18164101406746547, ""memory"": 84}"
w_5,celery,2025-10-15 11:26:49.423361+00:00,"{""load"": 0.5074523967368567, ""memory"": 50}"
w_3,sidekiq,2025-10-03 20:40:06.248401+00:00,"{""load"": 0.9047698014219513, ""memory"": 76}"
w_19,celery,2025-10-02 17:31:24.934266+00:00,"{""load"": 0.969147180958245, ""memory"": 75}"
w_5,rq,2025-10-03 10:50:14.934727+00:00,"{""load"": 0.60982671544246, ""memory"": 93}"
w_14,rq,2025-10-05 06:28:54.354390+00:00,"{""load"": 0.4598572477454559, ""memory"": 82}"
w_16,rq,2025-10-07 08:02:25.545001+00:00,"{""load"": 0.27799743401993793, ""memory"": 54}"
w_1,celery,2025-10-13 13:50:04.933538+00:00,"{""load"": 0.07648977325413198, ""memory"": 96}"
w_17,sidekiq,2025-10-05 11:17:12.600551+00:00,"{""load"": 0.9758805437588852, ""memory"": 66}"
w_11,celery,2025-10-14 07:31:18.307809+00:00,"{""load"": 0.49345899372194046, ""memory"": 51}"
w_9,rq,2025-10-07 23:32:13.139894+00:00,"{""load"": 0.08236213180828056, ""memory"": 74}"
w_4,celery,2025-10-10 13:24:55.894425+00:00,"{""load"": 0.5036870356947338, ""memory"": 68}"
w_2,sidekiq,2025-10-05 04:50:27.570922+00:00,"{""load"": 0.7677715701934723, ""memory"": 79}"
w_9,rq,2025-10-03 16:25:14.311862+00:00,"{""load"": 0.0005099890159435683, ""memory"": 50}"
w_5,celery,2025-10-13 16:08:15.115420+00:00,"{""load"": 0.3972328397276593, ""memory"": 98}"
w_4,sidekiq,2025-10-03 00:47:38.675957+00:00,"{""load"": 0.8749118332547884, ""memory"": 95}"
w_5,rq,2025-10-12 08:04:16.171456+00:00,"{""load"": 0.29925280560893, ""memory"": 97}"
w_18,sidekiq,2025-10-09 15:12:38.616631+00:00,"{""load"": 0.26606219032492484, ""memory"": 68}"
w_13,sidekiq,2025-10-13 13:20:32.260719+00:00,"{""load"": 0.3984702448588554, ""memory"": 89}"
w_5,rq,2025-10-11 13:11:13.151274+00:00,"{""load"": 0.09413150023671057, ""memory"": 81}"
w_19,celery,2025-10-05 10:38:20.897914+00:00,"{""load"": 0.06928490144422583, ""memory"": 84}"
w_3,celery,2025-10-09 13:00:27.621642+00:00,"{""load"": 0.5920196670421323, ""memory"": 54}"
w_18,celery,2025-10-01 16:23:33.850275+00:00,"{""load"": 0.3272936435708872, ""memory"": 74}"
w_6,celery,2025-10-08 03:40:24.106934+00:00,"{""load"": 0.27333395973618113, ""memory"": 73}"
w_6,sidekiq,2025-10-02 16:54:02.093588+00:00,"{""load"": 0.8573346449228768, ""memory"": 84}"
w_5,celery,2025-10-07 12:07:31.869351+00:00,"{""load"": 0.6504999845139404, ""memory"": 57}"
w_1,celery,2025-10-03 00:49:46.442955+00:00,"{""load"": 0.9365049809018454, ""memory"": 81}"
w_8,sidekiq,2025-10-14 21:02:28.374481+00:00,"{""load"": 0.061242106551493536, ""memory"": 79}"
w_1,sidekiq,2025-10-08 19:45:03.001280+00:00,"{""load"": 0.9963985318994728, ""memory"": 88}"
w_6,rq,2025-10-14 06:50:28.474991+00:00,"{""load"": 0.31401471024483485, ""memory"": 98}"
w_20,sidekiq,2025-10-01 19:30:54.183299+00:00,"{""load"": 0.692543138206037, ""memory"": 92}"
w_14,rq,2025-10-10 10:15:05.412184+00:00,"{""load"": 0.2111604699627524, ""memory"": 74}"
w_11,rq,2025-10-05 19:08:12.165530+00:00,"{""load"": 0.5104185098361658, ""memory"": 96}"
w_2,celery,2025-10-07 13:05:40.353520+00:00,"{""load"": 0.02000516442616851, ""memory"": 81}"
w_4,celery,2025-10-13 17:21:26.513252+00:00,"{""load"": 0.5996364818633143, ""memory"": 62}"
w_13,celery,2025-10-15 05:17:13.516220+00:00,"{""load"": 0.6639000921162911, ""memory"": 54}"
w_7,sidekiq,2025-10-04 22:49:16.668083+00:00,"{""load"": 0.9400093261873264, ""memory"": 50}"
w_6,sidekiq,2025-10-14 18:36:47.173963+00:00,"{""load"": 0.47218360663446746, ""memory"": 76}"
w_3,celery,2025-10-11 03:24:44.117367+00:00,"{""load"": 0.2551553387543798, ""memory"": 52}"
w_9,celery,2025-10-14 19:40:30.270807+00:00,"{""load"": 0.23105461954550788, ""memory"": 51}"
w_14,sidekiq,2025-10-09 08:57:19.121532+00:00,"{""load"": 0.15266186976349116, ""memory"": 97}"
w_20,rq,2025-10-14 22:48:50.802326+00:00,"{""load"": 0.11640768646481947, ""memory"": 65}"
w_11,rq,2025-10-13 23:51:54.122175+00:00,"{""load"": 0.9843091908625355, ""memory"": 52}"
w_5,celery,2025-10-03 07:12:24.570186+00:00,"{""load"": 0.7418821683231693, ""memory"": 83}"
w_14,celery,2025-10-05 20:25:31.495822+00:00,"{""load"": 0.572529873623784, ""memory"": 81}"
w_19,celery,2025-10-04 21:40:09.236454+00:00,"{""load"": 0.7665237766044308, ""memory"": 83}"
w_8,rq,2025-10-09 12:13:31.344790+00:00,"{""load"": 0.8813552403057495, ""memory"": 52}"
w_7,celery,2025-10-12 17:44:26.192350+00:00,"{""load"": 0.770090381404774, ""memory"": 76}"
w_7,rq,2025-10-12 03:09:44.086154+00:00,"{""load"": 0.9701017643315615, ""memory"": 52}"
w_3,sidekiq,2025-10-11 16:11:15.750410+00:00,"{""load"": 0.7374216786219986, ""memory"": 88}"
w_3,sidekiq,2025-10-06 18:05:20.393690+00:00,"{""load"": 0.563941769644487, ""memory"": 87}"
w_18,sidekiq,2025-10-03 10:55:04.772017+00:00,"{""load"": 0.5799059382823495, ""memory"": 68}"
w_13,celery,2025-10-04 10:45:21.866469+00:00,"{""load"": 0.3551661913907085, ""memory"": 54}"
w_1,sidekiq,2025-10-11 21:12:13.055191+00:00,"{""load"": 0.6670682182517874, ""memory"": 98}"
w_5,rq,2025-10-03 13:34:17.536526+00:00,"{""load"": 0.7785418150861175, ""memory"": 85}"
w_4,rq,2025-10-04 14:54:36.334288+00:00,"{""load"": 0.3845657494316247, ""memory"": 84}"
w_16,rq,2025-10-07 10:38:58.888916+00:00,"{""load"": 0.8228555236452406, ""memory"": 73}"
w_15,celery,2025-10-02 12:13:47.196160+00:00,"{""load"": 0.42733638991005063, ""memory"": 99}"
w_18,celery,2025-10-04 11:27:52.316708+00:00,"{""load"": 0.454503600982602, ""memory"": 92}"
w_17,rq,2025-10-03 14:19:19.526832+00:00,"{""load"": 0.8110787805905092, ""memory"": 99}"
w_14,rq,2025-10-14 19:38:38.828610+00:00,"{""load"": 0.4729837666521338, ""memory"": 94}"
w_14,rq,2025-10-04 04:21:09.711155+00:00,"{""load"": 0.9543858319312717, ""memory"": 92}"
w_19,rq,2025-10-13 13:33:16.641422+00:00,"{""load"": 0.7874086284309019, ""memory"": 51}"
w_6,sidekiq,2025-10-03 02:34:19.892156+00:00,"{""load"": 0.5581390987920192, ""memory"": 86}"
w_13,rq,2025-10-13 16:12:36.620833+00:00,"{""load"": 0.895435100756106, ""memory"": 72}"
w_18,celery,2025-10-09 21:24:35.107876+00:00,"{""load"": 0.04466303385743198, ""memory"": 76}"
w_15,celery,2025-10-13 09:30:04.284732+00:00,"{""load"": 0.39640615372565613, ""memory"": 90}"
w_7,celery,2025-10-13 15:25:44.973655+00:00,"{""load"": 0.14118598457971832, ""memory"": 82}"
w_19,celery,2025-10-09 20:22:53.422695+00:00,"{""load"": 0.7152429571211358, ""memory"": 60}"
w_17,celery,2025-10-14 08:20:42.847947+00:00,"{""load"": 0.3616778850325263, ""memory"": 79}"
w_9,rq,2025-10-09 16:42:38.253380+00:00,"{""load"": 0.7688552706898137, ""memory"": 97}"
w_11,rq,2025-10-11 11:25:18.718202+00:00,"{""load"": 0.5572485516185454, ""memory"": 61}"
w_5,sidekiq,2025-10-07 07:48:10.945183+00:00,"{""load"": 0.11698823568238792, ""memory"": 53}"
w_2,sidekiq,2025-10-14 07:07:36.283232+00:00,"{""load"": 0.24850232750227352, ""memory"": 65}"
w_15,sidekiq,2025-10-13 00:55:07.007068+00:00,"{""load"": 0.5488153301632129, ""memory"": 73}"
w_12,rq,2025-10-03 20:00:56.179812+00:00,"{""load"": 0.03869025450023833, ""memory"": 64}"
w_10,sidekiq,2025-10-09 13:39:58.743608+00:00,"{""load"": 0.06432419452904947, ""memory"": 59}"
w_10,rq,2025-10-14 01:20:02.337264+00:00,"{""load"": 0.2550594524694749, ""memory"": 66}"
w_20,celery,2025-10-12 14:28:10.811530+00:00,"{""load"": 0.3884633411734405, ""memory"": 72}"
w_11,rq,2025-10-14 23:25:03.843488+00:00,"{""load"": 0.8949323786658212, ""memory"": 60}"
w_10,rq,2025-10-04 17:43:02.520532+00:00,"{""load"": 0.5434296812585927, ""memory"": 78}"
w_7,celery,2025-10-06 15:27:59.172235+00:00,"{""load"": 0.29578654249351977, ""memory"": 81}"
w_14,celery,2025-10-08 14:24:59.307747+00:00,"{""load"": 0.8264839409810714, ""memory"": 87}"
w_13,celery,2025-10-04 18:10:36.628065+00:00,"{""load"": 0.3114643326814126, ""memory"": 94}"
w_5,sidekiq,2025-10-07 00:23:57.140676+00:00,"{""load"": 0.039218501280014584, ""memory"": 95}"
w_19,sidekiq,2025-10-09 00:36:47.421672+00:00,"{""load"": 0.46735872722718086, ""memory"": 92}"
w_10,sidekiq,2025-10-04 04:17:23.899950+00:00,"{""load"": 0.4628447576579773, ""memory"": 72}"
w_8,celery,2025-10-05 02:14:49.585503+00:00,"{""load"": 0.0892428661788337, ""memory"": 81}"
w_18,sidekiq,2025-10-03 05:56:49.487769+00:00,"{""load"": 0.6499440338816218, ""memory"": 89}"
w_1,celery,2025-10-11 11:41:46.153398+00:00,"{""load"": 0.1694882749200567, ""memory"": 94}"
w_5,celery,2025-10-06 13:28:53.210338+00:00,"{""load"": 0.795597284057737, ""memory"": 62}"
w_11,celery,2025-10-04 14:00:33.938891+00:00,"{""load"": 0.6715277878140676, ""memory"": 66}"
w_20,sidekiq,2025-10-08 14:27:39.290849+00:00,"{""load"": 0.7775295649772314, ""memory"": 66}"
w_11,sidekiq,2025-10-02 10:55:54.360157+00:00,"{""load"": 0.6116473327375985, ""memory"": 87}"
w_16,celery,2025-10-14 10:15:52.631003+00:00,"{""load"": 0.419258098425614, ""memory"": 54}"
w_10,sidekiq,2025-10-05 14:56:27.913592+00:00,"{""load"": 0.15604859773179902, ""memory"": 77}"
w_15,rq,2025-10-13 21:51:07.275563+00:00,"{""load"": 0.8918867731773511, ""memory"": 84}"
w_7,sidekiq,2025-10-08 11:12:01.231017+00:00,"{""load"": 0.9485590004657604, ""memory"": 69}"
w_15,celery,2025-10-13 09:39:02.042031+00:00,"{""load"": 0.8497816987402305, ""memory"": 93}"
w_16,celery,2025-10-04 23:00:49.147579+00:00,"{""load"": 0.9867899455700829, ""memory"": 59}"
w_6,celery,2025-10-03 22:53:27.320473+00:00,"{""load"": 0.7510537912135338, ""memory"": 86}"
w_11,rq,2025-10-13 09:24:08.517193+00:00,"{""load"": 0.9518374354168085, ""memory"": 58}"
w_17,celery,2025-10-04 11:32:32.728117+00:00,"{""load"": 0.634048376436365, ""memory"": 72}"
w_15,celery,2025-10-11 22:43:17.894513+00:00,"{""load"": 0.07544993547966361, ""memory"": 62}"
w_16,sidekiq,2025-10-06 07:46:48.558020+00:00,"{""load"": 0.8838443041843428, ""memory"": 58}"
w_2,rq,2025-10-11 23:23:35.131496+00:00,"{""load"": 0.9457912719417038, ""memory"": 92}"
w_4,sidekiq,2025-10-14 04:58:08.923339+00:00,"{""load"": 0.506938278757441, ""memory"": 96}"
w_19,celery,2025-10-15 05:49:49.846485+00:00,"{""load"": 0.5446390556178581, ""memory"": 70}"
w_6,celery,2025-10-06 12:53:45.543704+00:00,"{""load"": 0.9617915038112181, ""memory"": 73}"
w_18,rq,2025-10-06 15:29:19.249581+00:00,"{""load"": 0.400404737210037, ""memory"": 86}"
w_11,celery,2025-10-15 05:44:46.606415+00:00,"{""load"": 0.023187401586550083, ""memory"": 55}"
w_9,rq,2025-10-13 13:28:24.426409+00:00,"{""load"": 0.7758293517147361, ""memory"": 64}"
w_3,sidekiq,2025-10-02 03:09:03.249224+00:00,"{""load"": 0.7012382779042275, ""memory"": 59}"
w_2,rq,2025-10-09 12:40:45.103340+00:00,"{""load"": 0.7610206042154468, ""memory"": 58}"
w_18,sidekiq,2025-10-04 00:53:53.675665+00:00,"{""load"": 0.32853511659620593, ""memory"": 59}"
w_15,celery,2025-10-15 09:59:17.563658+00:00,"{""load"": 0.47226396400371484, ""memory"": 53}"
w_18,sidekiq,2025-10-03 10:40:41.275764+00:00,"{""load"": 0.35336157154092396, ""memory"": 75}"
w_19,sidekiq,2025-10-09 07:56:26.872132+00:00,"{""load"": 0.26182156558079905, ""memory"": 57}"
w_15,sidekiq,2025-10-10 19:30:23.948387+00:00,"{""load"": 0.433719627220154, ""memory"": 87}"
w_17,rq,2025-10-14 14:51:13.406270+00:00,"{""load"": 0.6857437323304836, ""memory"": 50}"
w_18,sidekiq,2025-10-13 08:40:43.653765+00:00,"{""load"": 0.2029714270243962, ""memory"": 99}"
w_18,rq,2025-10-04 22:34:24.971398+00:00,"{""load"": 0.7278776220711732, ""memory"": 77}"
w_11,rq,2025-10-09 12:24:05.931483+00:00,"{""load"": 0.8667065301894732, ""memory"": 55}"
w_18,rq,2025-10-14 20:24:03.059483+00:00,"{""load"": 0.8462773724729192, ""memory"": 57}"
w_3,celery,2025-10-11 19:12:03.098258+00:00,"{""load"": 0.6703058812907523, ""memory"": 70}"
w_13,celery,2025-10-11 03:16:51.647000+00:00,"{""load"": 0.009063098186644414, ""memory"": 77}"
w_14,celery,2025-10-12 01:38:48.345498+00:00,"{""load"": 0.09586063984832793, ""memory"": 81}"
w_4,rq,2025-10-06 00:21:43.486200+00:00,"{""load"": 0.009887865016920738, ""memory"": 99}"
w_18,celery,2025-10-11 17:01:43.545070+00:00,"{""load"": 0.4517691173956855, ""memory"": 94}"
w_5,sidekiq,2025-10-04 18:14:21.107350+00:00,"{""load"": 0.5747336515388624, ""memory"": 88}"
w_14,rq,2025-10-07 11:50:33.111690+00:00,"{""load"": 0.5411738301381054, ""memory"": 89}"
w_12,celery,2025-10-13 23:00:57.897271+00:00,"{""load"": 0.164615894039438, ""memory"": 52}"
w_7,rq,2025-10-01 18:22:27.498795+00:00,"{""load"": 0.3051938344399526, ""memory"": 61}"
w_12,celery,2025-10-07 07:12:39.839345+00:00,"{""load"": 0.3589250478821191, ""memory"": 53}"
w_8,sidekiq,2025-10-05 05:39:07.609048+00:00,"{""load"": 0.1635262086081204, ""memory"": 88}"
w_3,rq,2025-10-04 06:43:34.000111+00:00,"{""load"": 0.9347947200605281, ""memory"": 86}"
w_1,celery,2025-10-13 05:45:40.829813+00:00,"{""load"": 0.46495502361773045, ""memory"": 86}"
w_3,celery,2025-10-11 06:01:24.673713+00:00,"{""load"": 0.4435201843907496, ""memory"": 78}"
w_11,sidekiq,2025-10-03 01:50:40.538610+00:00,"{""load"": 0.14347570413421473, ""memory"": 98}"
w_18,sidekiq,2025-10-08 10:08:22.839736+00:00,"{""load"": 0.4695022322743341, ""memory"": 99}"
w_7,celery,2025-10-08 00:52:49.221602+00:00,"{""load"": 0.15944141162021241, ""memory"": 54}"
w_9,celery,2025-10-03 11:53:21.619658+00:00,"{""load"": 0.7894891768236403, ""memory"": 74}"
w_4,rq,2025-10-12 16:43:12.963119+00:00,"{""load"": 0.5356302853048245, ""memory"": 98}"
w_10,rq,2025-10-06 15:12:08.835871+00:00,"{""load"": 0.6209664277671586, ""memory"": 82}"
w_18,celery,2025-10-12 04:00:39.932834+00:00,"{""load"": 0.555279562224498, ""memory"": 58}"
w_16,sidekiq,2025-10-04 04:31:58.939203+00:00,"{""load"": 0.7394128893979616, ""memory"": 53}"
w_12,rq,2025-10-05 21:51:52.859168+00:00,"{""load"": 0.6339383601951246, ""memory"": 64}"
w_19,celery,2025-10-02 19:58:38.778341+00:00,"{""load"": 0.3839534528834221, ""memory"": 62}"
w_3,sidekiq,2025-10-03 12:12:32.524684+00:00,"{""load"": 0.1786419309184527, ""memory"": 70}"
w_8,sidekiq,2025-10-13 20:44:58.749931+00:00,"{""load"": 0.7356241502175089, ""memory"": 90}"
w_19,celery,2025-10-03 00:39:42.654407+00:00,"{""load"": 0.19059030112082598, ""memory"": 59}"
w_9,celery,2025-10-02 20:09:56.468333+00:00,"{""load"": 0.16231986208501203, ""memory"": 58}"
w_19,rq,2025-10-14 15:58:00.395188+00:00,"{""load"": 0.97184209147679, ""memory"": 65}"
w_17,celery,2025-10-10 13:01:24.824806+00:00,"{""load"": 0.23778842111157128, ""memory"": 59}"
w_13,rq,2025-10-02 21:54:27.973707+00:00,"{""load"": 0.8190574556693498, ""memory"": 64}"
w_2,sidekiq,2025-10-15 02:29:48.567574+00:00,"{""load"": 0.25947564957181846, ""memory"": 89}"
w_4,rq,2025-10-03 13:25:32.172705+00:00,"{""load"": 0.4714298486321701, ""memory"": 91}"
w_11,celery,2025-10-12 05:29:31.789305+00:00,"{""load"": 0.41334226414881536, ""memory"": 86}"
w_2,rq,2025-10-01 23:42:36.207039+00:00,"{""load"": 0.10352852963016412, ""memory"": 71}"
w_4,sidekiq,2025-10-10 05:50:45.758062+00:00,"{""load"": 0.290509412778189, ""memory"": 67}"
w_4,sidekiq,2025-10-09 03:41:33.003696+00:00,"{""load"": 0.8064074542922428, ""memory"": 50}"
w_20,celery,2025-10-04 09:53:21.409090+00:00,"{""load"": 0.7750250556294934, ""memory"": 70}"
w_1,rq,2025-10-10 12:05:49.574235+00:00,"{""load"": 0.5159390064656842, ""memory"": 73}"
w_11,celery,2025-10-10 03:19:47.300547+00:00,"{""load"": 0.09024131766741716, ""memory"": 60}"
w_2,celery,2025-10-12 16:14:46.235025+00:00,"{""load"": 0.4504673277047577, ""memory"": 55}"
w_19,sidekiq,2025-10-13 18:17:37.261283+00:00,"{""load"": 0.18622160946111532, ""memory"": 64}"
w_8,rq,2025-10-08 15:23:42.936215+00:00,"{""load"": 0.3030467483185866, ""memory"": 85}"
w_20,celery,2025-10-08 08:44:21.066038+00:00,"{""load"": 0.988487145033841, ""memory"": 76}"
w_4,sidekiq,2025-10-10 04:51:22.244535+00:00,"{""load"": 0.575466888852987, ""memory"": 84}"
w_16,celery,2025-10-11 17:00:49.499932+00:00,"{""load"": 0.12756854721543132, ""memory"": 98}"
w_15,rq,2025-10-06 11:40:24.650186+00:00,"{""load"": 0.8467579305873446, ""memory"": 57}"
w_5,celery,2025-10-08 13:33:34.822120+00:00,"{""load"": 0.6760015609419073, ""memory"": 93}"
w_5,rq,2025-10-09 16:35:42.023172+00:00,"{""load"": 0.2216641882729934, ""memory"": 83}"
w_15,sidekiq,2025-10-15 08:05:42.130208+00:00,"{""load"": 0.6514298121960167, ""memory"": 72}"
w_17,sidekiq,2025-10-09 17:28:16.672833+00:00,"{""load"": 0.01142518740375098, ""memory"": 85}"
w_3,celery,2025-10-04 15:19:36.051778+00:00,"{""load"": 0.48606212432295026, ""memory"": 65}"
w_18,sidekiq,2025-10-09 17:33:52.532527+00:00,"{""load"": 0.693362436701126, ""memory"": 83}"
w_11,celery,2025-10-12 23:21:06.695535+00:00,"{""load"": 0.23911375935981638, ""memory"": 69}"
w_6,celery,2025-10-13 12:05:15.491342+00:00,"{""load"": 0.8679229085851139, ""memory"": 66}"
w_12,rq,2025-10-12 16:53:02.949876+00:00,"{""load"": 0.9418474940884476, ""memory"": 71}"
w_17,celery,2025-10-13 22:26:18.108733+00:00,"{""load"": 0.6125003778578084, ""memory"": 92}"
w_14,rq,2025-10-06 04:28:53.367137+00:00,"{""load"": 0.48538829927697125, ""memory"": 51}"
w_6,celery,2025-10-08 14:32:37.423104+00:00,"{""load"": 0.7085615685819504, ""memory"": 57}"
w_10,rq,2025-10-12 09:56:33.389731+00:00,"{""load"": 0.7081501046162499, ""memory"": 62}"
w_16,sidekiq,2025-10-05 04:51:18.660438+00:00,"{""load"": 0.6537325001261435, ""memory"": 56}"
w_18,celery,2025-10-06 16:51:04.907225+00:00,"{""load"": 0.6379017290493193, ""memory"": 81}"
w_20,rq,2025-10-13 03:16:05.879751+00:00,"{""load"": 0.003281789235718091, ""memory"": 64}"
w_6,celery,2025-10-12 06:44:55.601781+00:00,"{""load"": 0.008994292817431138, ""memory"": 86}"
w_19,rq,2025-10-15 02:19:22.997351+00:00,"{""load"": 0.11326908315892237, ""memory"": 88}"
w_3,rq,2025-10-15 10:38:50.221179+00:00,"{""load"": 0.56740793530352, ""memory"": 50}"
w_12,celery,2025-10-04 20:53:24.604017+00:00,"{""load"": 0.9692459342110903, ""memory"": 77}"
w_16,celery,2025-10-14 02:33:04.303276+00:00,"{""load"": 0.7638577581141384, ""memory"": 55}"
w_3,sidekiq,2025-10-02 19:45:25.950433+00:00,"{""load"": 0.3535532768724403, ""memory"": 69}"
w_16,sidekiq,2025-10-11 10:29:34.332763+00:00,"{""load"": 0.46576492330051633, ""memory"": 61}"
w_4,sidekiq,2025-10-04 13:57:12.219332+00:00,"{""load"": 0.07392171664576364, ""memory"": 51}"
w_20,celery,2025-10-05 16:54:16.375414+00:00,"{""load"": 0.3029580811956363, ""memory"": 77}"
w_13,sidekiq,2025-10-14 17:57:50.096503+00:00,"{""load"": 0.785181020723277, ""memory"": 92}"
w_4,rq,2025-10-05 04:25:07.735954+00:00,"{""load"": 0.9147324240549534, ""memory"": 55}"
w_4,celery,2025-10-10 22:11:15.950537+00:00,"{""load"": 0.6024352555904404, ""memory"": 69}"
w_7,rq,2025-10-03 23:51:04.243111+00:00,"{""load"": 0.2261146302356195, ""memory"": 86}"
w_12,rq,2025-10-02 19:22:44.516869+00:00,"{""load"": 0.4276995147387187, ""memory"": 87}"
w_2,rq,2025-10-06 06:00:37.873856+00:00,"{""load"": 0.5967782276083535, ""memory"": 62}"
w_16,celery,2025-10-10 05:43:47.603515+00:00,"{""load"": 0.8988857538621452, ""memory"": 79}"
w_7,celery,2025-10-04 23:18:34.445885+00:00,"{""load"": 0.0830323495125681, ""memory"": 74}"
w_19,sidekiq,2025-10-05 16:51:24.178873+00:00,"{""load"": 0.3202300409685218, ""memory"": 61}"
w_11,sidekiq,2025-10-11 10:07:59.588586+00:00,"{""load"": 0.511530944476014, ""memory"": 75}"
w_1,sidekiq,2025-10-02 22:32:22.069398+00:00,"{""load"": 0.18704716486754946, ""memory"": 59}"
w_9,sidekiq,2025-10-07 18:09:36.399046+00:00,"{""load"": 0.6657930951976158, ""memory"": 71}"
w_5,rq,2025-10-14 16:25:22.087346+00:00,"{""load"": 0.8672111025153646, ""memory"": 70}"
w_17,celery,2025-10-07 01:22:56.922856+00:00,"{""load"": 0.9390691921010684, ""memory"": 67}"
w_1,sidekiq,2025-10-07 13:53:29.563442+00:00,"{""load"": 0.5795374280317946, ""memory"": 84}"
w_17,rq,2025-10-11 20:02:11.925643+00:00,"{""load"": 0.13144601664821243, ""memory"": 81}"
w_12,celery,2025-10-12 09:44:52.337051+00:00,"{""load"": 0.24869594066700473, ""memory"": 73}"
w_13,celery,2025-10-12 06:35:15.889079+00:00,"{""load"": 0.4080102314975367, ""memory"": 73}"
w_11,celery,2025-10-15 11:16:59.953335+00:00,"{""load"": 0.5855918252204543, ""memory"": 89}"
w_13,rq,2025-10-02 12:00:27.235424+00:00,"{""load"": 0.8788261386551978, ""memory"": 97}"
w_13,sidekiq,2025-10-15 06:02:13.573092+00:00,"{""load"": 0.2460548420309303, ""memory"": 89}"
w_6,celery,2025-10-14 19:15:49.360720+00:00,"{""load"": 0.6338838402196115, ""memory"": 50}"
w_6,rq,2025-10-13 10:19:07.213754+00:00,"{""load"": 0.30875298631287673, ""memory"": 92}"
w_20,celery,2025-10-07 20:35:10.296551+00:00,"{""load"": 0.8474208876266558, ""memory"": 96}"
w_10,rq,2025-10-13 16:37:23.508728+00:00,"{""load"": 0.2447439405988301, ""memory"": 58}"
w_19,sidekiq,2025-10-04 14:11:58.885925+00:00,"{""load"": 0.34780964958591676, ""memory"": 93}"
w_3,sidekiq,2025-10-12 13:59:46.898485+00:00,"{""load"": 0.4752549026080286, ""memory"": 91}"
w_7,celery,2025-10-04 02:14:24.251455+00:00,"{""load"": 0.8647255695179893, ""memory"": 65}"
w_5,sidekiq,2025-10-12 21:57:41.879399+00:00,"{""load"": 0.062078484032036085, ""memory"": 74}"
w_8,sidekiq,2025-10-10 02:28:54.439596+00:00,"{""load"": 0.3207040933635693, ""memory"": 67}"
w_5,rq,2025-10-02 20:56:18.635700+00:00,"{""load"": 0.29466712169147147, ""memory"": 78}"
w_12,rq,2025-10-14 00:49:38.534160+00:00,"{""load"": 0.20643888447714775, ""memory"": 89}"
w_4,celery,2025-10-09 14:11:37.023623+00:00,"{""load"": 0.10653669360837192, ""memory"": 55}"
w_19,rq,2025-10-10 16:29:57.917235+00:00,"{""load"": 0.25900207179449153, ""memory"": 79}"
w_18,sidekiq,2025-10-05 11:15:33.739124+00:00,"{""load"": 0.2279326573371544, ""memory"": 70}"
w_3,rq,2025-10-13 16:52:10.305545+00:00,"{""load"": 0.5386724999816228, ""memory"": 61}"
w_7,sidekiq,2025-10-09 03:11:14.809242+00:00,"{""load"": 0.58529564038226, ""memory"": 88}"
w_8,celery,2025-10-07 09:29:47.095879+00:00,"{""load"": 0.5967222893673624, ""memory"": 55}"
w_15,sidekiq,2025-10-08 23:31:07.199028+00:00,"{""load"": 0.2897508887789536, ""memory"": 53}"
w_17,rq,2025-10-11 08:18:47.503343+00:00,"{""load"": 0.8071600782921844, ""memory"": 54}"
w_19,rq,2025-10-11 05:32:09.910446+00:00,"{""load"": 0.4382745825467943, ""memory"": 57}"
w_4,rq,2025-10-06 12:08:45.261319+00:00,"{""load"": 0.7632778849269771, ""memory"": 53}"
w_16,rq,2025-10-06 21:26:48.415617+00:00,"{""load"": 0.8399911956499819, ""memory"": 56}"
w_13,celery,2025-10-09 08:54:43.318057+00:00,"{""load"": 0.9037299762136376, ""memory"": 91}"
w_12,sidekiq,2025-10-14 10:36:02.853219+00:00,"{""load"": 0.10476385768111884, ""memory"": 99}"
w_4,rq,2025-10-11 22:27:52.450922+00:00,"{""load"": 0.0720216203657722, ""memory"": 84}"
w_12,sidekiq,2025-10-06 23:10:45.966298+00:00,"{""load"": 0.05854142195007794, ""memory"": 66}"
w_17,celery,2025-10-06 05:14:34.665077+00:00,"{""load"": 0.8198769118260781, ""memory"": 83}"
w_9,sidekiq,2025-10-08 19:56:30.921036+00:00,"{""load"": 0.9405783539402631, ""memory"": 54}"
w_12,rq,2025-10-13 16:19:01.559839+00:00,"{""load"": 0.7517418795059431, ""memory"": 81}"
w_15,sidekiq,2025-10-01 14:54:58.410634+00:00,"{""load"": 0.35085034576848684, ""memory"": 62}"
w_20,rq,2025-10-11 10:43:23.948203+00:00,"{""load"": 0.21471436951981226, ""memory"": 82}"
w_2,rq,2025-10-05 14:57:22.024178+00:00,"{""load"": 0.1133807096070023, ""memory"": 97}"
w_9,celery,2025-10-04 10:01:17.592069+00:00,"{""load"": 0.5232470752399798, ""memory"": 99}"
w_14,celery,2025-10-01 16:04:42.120950+00:00,"{""load"": 0.4194169288968924, ""memory"": 61}"
w_4,sidekiq,2025-10-14 01:15:16.014709+00:00,"{""load"": 0.5160052921737911, ""memory"": 85}"
w_4,sidekiq,2025-10-14 06:30:55.749320+00:00,"{""load"": 0.4202354631919739, ""memory"": 77}"
w_6,rq,2025-10-02 08:38:10.537412+00:00,"{""load"": 0.29669669762808615, ""memory"": 71}"
w_5,rq,2025-10-08 19:19:47.814763+00:00,"{""load"": 0.12161945871355617, ""memory"": 78}"
w_17,rq,2025-10-03 15:15:54.065212+00:00,"{""load"": 0.9388696739093144, ""memory"": 62}"
w_13,rq,2025-10-12 02:55:08.466103+00:00,"{""load"": 0.22509725039198858, ""memory"": 68}"
w_20,celery,2025-10-10 19:34:17.524248+00:00,"{""load"": 0.28804400978485056, ""memory"": 80}"
w_17,rq,2025-10-05 15:50:09.431351+00:00,"{""load"": 0.601702490145793, ""memory"": 94}"
w_19,celery,2025-10-03 03:17:55.155946+00:00,"{""load"": 0.2520468596720705, ""memory"": 68}"
w_1,sidekiq,2025-10-13 03:17:24.513732+00:00,"{""load"": 0.2058392869952762, ""memory"": 65}"
w_17,sidekiq,2025-10-10 22:32:55.798943+00:00,"{""load"": 0.008291808151645541, ""memory"": 55}"
w_3,celery,2025-10-01 14:17:29.405475+00:00,"{""load"": 0.7327618613816829, ""memory"": 87}"
w_14,rq,2025-10-10 06:57:53.706220+00:00,"{""load"": 0.5971993526591379, ""memory"": 92}"
w_12,sidekiq,2025-10-12 20:15:34.075102+00:00,"{""load"": 0.36527294203530714, ""memory"": 75}"
w_15,celery,2025-10-09 18:29:53.044864+00:00,"{""load"": 0.7634448955760644, ""memory"": 90}"
w_6,sidekiq,2025-10-07 10:42:13.663308+00:00,"{""load"": 0.942451444734066, ""memory"": 64}"
w_20,rq,2025-10-09 16:11:47.670685+00:00,"{""load"": 0.0062855458685912025, ""memory"": 53}"
w_2,celery,2025-10-10 04:13:23.703842+00:00,"{""load"": 0.5723078714556808, ""memory"": 67}"
w_4,sidekiq,2025-10-10 11:03:05.881120+00:00,"{""load"": 0.2719558460388496, ""memory"": 84}"
w_13,rq,2025-10-15 00:55:37.697203+00:00,"{""load"": 0.41031555147388965, ""memory"": 90}"
w_13,celery,2025-10-04 00:01:32.363831+00:00,"{""load"": 0.310293419286774, ""memory"": 73}"
w_17,celery,2025-10-10 05:21:33.446799+00:00,"{""load"": 0.36925447415014123, ""memory"": 88}"
w_6,celery,2025-10-04 03:09:56.719424+00:00,"{""load"": 0.08970487704196783, ""memory"": 72}"
w_11,celery,2025-10-04 10:32:43.648813+00:00,"{""load"": 0.7476046678843783, ""memory"": 70}"
w_19,sidekiq,2025-10-10 20:52:14.336132+00:00,"{""load"": 0.20236356032178937, ""memory"": 90}"
w_16,celery,2025-10-14 07:45:38.061182+00:00,"{""load"": 0.8419386306424858, ""memory"": 93}"
w_8,celery,2025-10-03 17:26:19.921291+00:00,"{""load"": 0.32332309952674887, ""memory"": 54}"
w_1,celery,2025-10-14 23:23:18.309632+00:00,"{""load"": 0.512268750784452, ""memory"": 50}"
w_10,celery,2025-10-05 23:18:32.765549+00:00,"{""load"": 0.8933705221405857, ""memory"": 79}"
w_2,celery,2025-10-06 23:28:53.466965+00:00,"{""load"": 0.24130164225496398, ""memory"": 75}"
w_19,rq,2025-10-03 15:38:12.324636+00:00,"{""load"": 0.6886891509311674, ""memory"": 64}"
w_14,sidekiq,2025-10-10 02:55:15.353638+00:00,"{""load"": 0.4854698207857142, ""memory"": 73}"
w_3,rq,2025-10-09 20:23:50.230297+00:00,"{""load"": 0.905548281603916, ""memory"": 80}"
w_9,sidekiq,2025-10-07 16:36:09.481257+00:00,"{""load"": 0.889574134476466, ""memory"": 65}"
w_8,celery,2025-10-08 03:58:00.145204+00:00,"{""load"": 0.12278479811915077, ""memory"": 69}"
w_11,sidekiq,2025-10-10 05:19:11.619352+00:00,"{""load"": 0.23069612344865287, ""memory"": 58}"
w_15,celery,2025-10-09 16:03:17.408693+00:00,"{""load"": 0.33441445135461234, ""memory"": 94}"
w_6,celery,2025-10-06 17:45:08.986442+00:00,"{""load"": 0.06868468621938872, ""memory"": 94}"
w_2,rq,2025-10-13 21:03:44.760459+00:00,"{""load"": 0.8727982978990213, ""memory"": 79}"
w_1,rq,2025-10-10 20:20:02.168775+00:00,"{""load"": 0.061815693844453956, ""memory"": 89}"
w_3,rq,2025-10-04 09:00:59.497494+00:00,"{""load"": 0.012391463981169193, ""memory"": 68}"
w_18,sidekiq,2025-10-05 23:29:14.660945+00:00,"{""load"": 0.6739198740845365, ""memory"": 95}"
w_14,sidekiq,2025-10-12 12:43:37.351820+00:00,"{""load"": 0.1326905816777627, ""memory"": 73}"
w_17,rq,2025-10-02 23:07:13.900882+00:00,"{""load"": 0.7648895286111438, ""memory"": 56}"
w_2,rq,2025-10-12 00:04:40.625657+00:00,"{""load"": 0.8707196766559441, ""memory"": 82}"
w_19,celery,2025-10-06 12:34:15.816810+00:00,"{""load"": 0.5051912287527692, ""memory"": 87}"
w_9,sidekiq,2025-10-09 05:22:05.489373+00:00,"{""load"": 0.7607146278696642, ""memory"": 80}"
w_8,celery,2025-10-05 10:16:03.098532+00:00,"{""load"": 0.6156151093887886, ""memory"": 60}"
w_10,sidekiq,2025-10-15 07:26:57.869274+00:00,"{""load"": 0.4545000117204101, ""memory"": 61}"
w_9,rq,2025-10-14 04:21:44.417375+00:00,"{""load"": 0.2820991618716504, ""memory"": 90}"
w_8,sidekiq,2025-10-14 11:57:32.922768+00:00,"{""load"": 0.21838213025632403, ""memory"": 51}"
w_7,sidekiq,2025-10-04 02:05:04.466546+00:00,"{""load"": 0.412049225889386, ""memory"": 61}"
w_6,celery,2025-10-13 06:48:28.340075+00:00,"{""load"": 0.5133924021256768, ""memory"": 90}"
w_2,rq,2025-10-08 23:53:36.333399+00:00,"{""load"": 0.6413188801631883, ""memory"": 79}"
w_9,rq,2025-10-11 09:50:26.488651+00:00,"{""load"": 0.7901671372452204, ""memory"": 95}"
w_9,rq,2025-10-04 13:04:52.919129+00:00,"{""load"": 0.2243139093057851, ""memory"": 53}"
w_19,celery,2025-10-11 11:13:36.627776+00:00,"{""load"": 0.09351568246937336, ""memory"": 73}"
w_9,celery,2025-10-14 07:11:37.659035+00:00,"{""load"": 0.7044318206475954, ""memory"": 86}"
w_2,celery,2025-10-05 05:52:25.484323+00:00,"{""load"": 0.347174506336289, ""memory"": 64}"
w_19,sidekiq,2025-10-04 18:24:32.076434+00:00,"{""load"": 0.6698050412383195, ""memory"": 98}"
w_16,sidekiq,2025-10-02 23:04:59.837834+00:00,"{""load"": 0.7518897916419774, ""memory"": 72}"
w_14,celery,2025-10-05 05:38:49.354457+00:00,"{""load"": 0.24422533359937815, ""memory"": 79}"
w_20,celery,2025-10-09 00:01:34.319892+00:00,"{""load"": 0.656008108470918, ""memory"": 68}"
w_1,rq,2025-10-13 03:47:33.626123+00:00,"{""load"": 0.0960527195895543, ""memory"": 62}"
w_13,sidekiq,2025-10-05 09:40:36.797711+00:00,"{""load"": 0.7216855993076978, ""memory"": 61}"
w_2,sidekiq,2025-10-10 04:42:16.253018+00:00,"{""load"": 0.7312710219793342, ""memory"": 90}"
w_14,rq,2025-10-08 05:08:32.909720+00:00,"{""load"": 0.2168342176929906, ""memory"": 72}"
w_1,rq,2025-10-05 12:57:45.207531+00:00,"{""load"": 0.6423326205578509, ""memory"": 70}"
w_15,rq,2025-10-08 15:28:50.344613+00:00,"{""load"": 0.0759886518955416, ""memory"": 93}"
w_18,celery,2025-10-03 20:26:07.314680+00:00,"{""load"": 0.7956984091451991, ""memory"": 53}"
w_9,celery,2025-10-10 10:53:53.016393+00:00,"{""load"": 0.7106573770668566, ""memory"": 52}"
w_8,celery,2025-10-03 02:51:45.627544+00:00,"{""load"": 0.5458300096542491, ""memory"": 77}"
w_7,celery,2025-10-11 17:36:34.043213+00:00,"{""load"": 0.35947157628934157, ""memory"": 95}"
w_9,celery,2025-10-03 23:42:41.255775+00:00,"{""load"": 0.20458337215043854, ""memory"": 64}"
w_9,sidekiq,2025-10-15 11:22:53.311852+00:00,"{""load"": 0.4851029839390655, ""memory"": 84}"
w_11,sidekiq,2025-10-13 00:45:14.370622+00:00,"{""load"": 0.09174405087997728, ""memory"": 86}"
w_4,sidekiq,2025-10-06 07:31:49.231549+00:00,"{""load"": 0.8944780555868199, ""memory"": 61}"
w_7,rq,2025-10-07 11:12:17.292561+00:00,"{""load"": 0.048362465595261805, ""memory"": 79}"
w_7,sidekiq,2025-10-05 03:05:17.459132+00:00,"{""load"": 0.7089227973898669, ""memory"": 61}"
w_4,rq,2025-10-12 05:45:01.773203+00:00,"{""load"": 0.9709866519036069, ""memory"": 56}"
w_12,sidekiq,2025-10-06 19:55:27.342861+00:00,"{""load"": 0.25736872987823345, ""memory"": 77}"
w_17,celery,2025-10-12 01:44:32.392678+00:00,"{""load"": 0.8407461546868151, ""memory"": 69}"
w_20,sidekiq,2025-10-01 18:10:58.520541+00:00,"{""load"": 0.9371240578533869, ""memory"": 99}"
w_3,celery,2025-10-03 09:34:07.112617+00:00,"{""load"": 0.2606771268344865, ""memory"": 91}"
w_9,celery,2025-10-06 14:37:52.955256+00:00,"{""load"": 0.06686857718935424, ""memory"": 95}"
w_5,sidekiq,2025-10-03 00:35:35.761994+00:00,"{""load"": 0.8926153340890316, ""memory"": 60}"
w_20,sidekiq,2025-10-09 21:58:44.419482+00:00,"{""load"": 0.6531459880944719, ""memory"": 62}"
w_16,celery,2025-10-02 05:04:46.506387+00:00,"{""load"": 0.22177550978089067, ""memory"": 64}"
w_8,rq,2025-10-13 12:52:49.318255+00:00,"{""load"": 0.31961782258475613, ""memory"": 80}"
w_16,rq,2025-10-12 03:47:58.155295+00:00,"{""load"": 0.6077732238774021, ""memory"": 72}"
w_19,sidekiq,2025-10-04 12:39:43.837274+00:00,"{""load"": 0.038670044018810135, ""memory"": 71}"
w_16,celery,2025-10-08 06:33:14.689655+00:00,"{""load"": 0.5320072754668064, ""memory"": 65}"
w_18,rq,2025-10-07 19:48:33.099646+00:00,"{""load"": 0.3601090885916426, ""memory"": 91}"
w_15,sidekiq,2025-10-11 15:33:16.238716+00:00,"{""load"": 0.8514710138868774, ""memory"": 77}"
w_18,sidekiq,2025-10-07 02:54:25.166014+00:00,"{""load"": 0.0416307187145013, ""memory"": 78}"
w_14,celery,2025-10-01 23:03:58.536255+00:00,"{""load"": 0.34028646709839694, ""memory"": 98}"
w_16,rq,2025-10-05 07:58:30.894865+00:00,"{""load"": 0.9444625075105407, ""memory"": 87}"
w_5,sidekiq,2025-10-08 00:38:30.446015+00:00,"{""load"": 0.8006914635742854, ""memory"": 51}"
w_8,rq,2025-10-15 03:25:45.784668+00:00,"{""load"": 0.7909176002781291, ""memory"": 69}"
w_16,sidekiq,2025-10-13 20:04:09.523548+00:00,"{""load"": 0.5240045757842865, ""memory"": 62}"
w_1,sidekiq,2025-10-04 00:57:08.871785+00:00,"{""load"": 0.8979503433820446, ""memory"": 95}"
w_11,rq,2025-10-11 15:01:14.577618+00:00,"{""load"": 0.6729704039298935, ""memory"": 90}"
w_11,rq,2025-10-14 14:46:24.092159+00:00,"{""load"": 0.7722756129146127, ""memory"": 99}"
w_2,celery,2025-10-01 14:57:15.544727+00:00,"{""load"": 0.3998339976426497, ""memory"": 78}"
w_19,celery,2025-10-11 14:14:15.886872+00:00,"{""load"": 0.7784768291162368, ""memory"": 54}"
w_5,celery,2025-10-07 22:20:09.796291+00:00,"{""load"": 0.9974911608761765, ""memory"": 96}"
w_3,celery,2025-10-11 00:33:33.703024+00:00,"{""load"": 0.6816065901683092, ""memory"": 56}"
w_8,rq,2025-10-09 23:28:40.785312+00:00,"{""load"": 0.43579837485432904, ""memory"": 67}"
w_4,celery,2025-10-15 06:50:51.382094+00:00,"{""load"": 0.46297366514571225, ""memory"": 61}"
w_13,rq,2025-10-05 13:02:31.115458+00:00,"{""load"": 0.3282245428550241, ""memory"": 78}"
w_14,sidekiq,2025-10-12 12:08:38.550869+00:00,"{""load"": 0.1619829269298243, ""memory"": 55}"
w_1,rq,2025-10-04 18:50:20.408903+00:00,"{""load"": 0.9805406486806937, ""memory"": 81}"
w_5,celery,2025-10-07 14:21:51.409645+00:00,"{""load"": 0.8111131328987955, ""memory"": 66}"
w_7,rq,2025-10-15 03:43:40.705151+00:00,"{""load"": 0.020836826262080943, ""memory"": 92}"
w_6,rq,2025-10-12 05:25:18.463659+00:00,"{""load"": 0.4574669923029103, ""memory"": 90}"
w_15,rq,2025-10-05 22:06:57.391601+00:00,"{""load"": 0.1577076447119513, ""memory"": 57}"
w_15,rq,2025-10-10 04:06:29.084828+00:00,"{""load"": 0.918094793200539, ""memory"": 90}"
w_8,rq,2025-10-02 04:41:47.544205+00:00,"{""load"": 0.3990512186711541, ""memory"": 59}"
w_2,celery,2025-10-05 05:30:31.291145+00:00,"{""load"": 0.352598678544753, ""memory"": 74}"
w_14,rq,2025-10-11 13:22:45.136225+00:00,"{""load"": 0.34362199612713784, ""memory"": 85}"
w_16,celery,2025-10-09 11:33:05.181774+00:00,"{""load"": 0.0811817053916929, ""memory"": 59}"
w_10,sidekiq,2025-10-08 01:48:36.282961+00:00,"{""load"": 0.3653465321442274, ""memory"": 68}"
w_15,rq,2025-10-11 04:08:03.682195+00:00,"{""load"": 0.1042064375378513, ""memory"": 96}"
w_4,sidekiq,2025-10-07 01:52:55.874336+00:00,"{""load"": 0.15325221584365345, ""memory"": 66}"
w_12,celery,2025-10-01 20:47:18.472426+00:00,"{""load"": 0.9032236249709361, ""memory"": 95}"
w_10,rq,2025-10-07 16:11:05.803804+00:00,"{""load"": 0.6788833668893024, ""memory"": 99}"
w_2,sidekiq,2025-10-14 03:06:55.470998+00:00,"{""load"": 0.7295141984358722, ""memory"": 61}"
w_4,celery,2025-10-13 11:49:21.659209+00:00,"{""load"": 0.5861071179372228, ""memory"": 57}"
w_20,sidekiq,2025-10-07 05:25:22.995471+00:00,"{""load"": 0.22828506211940347, ""memory"": 72}"
w_6,rq,2025-10-01 19:27:59.054744+00:00,"{""load"": 0.640553796644048, ""memory"": 85}"
w_14,rq,2025-10-10 09:47:57.276962+00:00,"{""load"": 0.13254410512507575, ""memory"": 54}"
w_3,rq,2025-10-11 21:02:28.779846+00:00,"{""load"": 0.42212155705018173, ""memory"": 69}"
w_15,celery,2025-10-05 14:51:57.029632+00:00,"{""load"": 0.9219681255083289, ""memory"": 69}"
w_1,sidekiq,2025-10-08 04:09:32.773940+00:00,"{""load"": 0.22036969056649147, ""memory"": 70}"
w_19,celery,2025-10-15 09:15:49.979532+00:00,"{""load"": 0.5653356830430738, ""memory"": 54}"
w_1,sidekiq,2025-10-09 13:39:04.508503+00:00,"{""load"": 0.4325129747465468, ""memory"": 64}"
w_13,celery,2025-10-06 09:57:40.205888+00:00,"{""load"": 0.43961525066805385, ""memory"": 74}"
w_8,rq,2025-10-10 06:50:10.545184+00:00,"{""load"": 0.07903267573291206, ""memory"": 95}"
w_18,sidekiq,2025-10-04 00:29:14.982383+00:00,"{""load"": 0.6423573507861904, ""memory"": 87}"
w_3,sidekiq,2025-10-04 06:56:55.670713+00:00,"{""load"": 0.49855764028177596, ""memory"": 98}"
w_18,sidekiq,2025-10-14 10:46:28.934918+00:00,"{""load"": 0.2974012926509706, ""memory"": 93}"
w_20,celery,2025-10-04 20:22:16.369798+00:00,"{""load"": 0.3204896372653623, ""memory"": 83}"
w_9,rq,2025-10-05 20:25:30.833099+00:00,"{""load"": 0.8681236112213547, ""memory"": 68}"
w_6,sidekiq,2025-10-09 02:42:32.951887+00:00,"{""load"": 0.43335120693063933, ""memory"": 89}"
w_20,celery,2025-10-14 02:17:48.193488+00:00,"{""load"": 0.05799241856995485, ""memory"": 91}"
w_2,sidekiq,2025-10-12 10:34:00.577004+00:00,"{""load"": 0.410529113946716, ""memory"": 86}"
w_4,rq,2025-10-02 02:42:41.030442+00:00,"{""load"": 0.9672034558421935, ""memory"": 92}"
w_18,sidekiq,2025-10-11 04:51:28.687499+00:00,"{""load"": 0.9049952259723248, ""memory"": 63}"
w_7,rq,2025-10-08 13:21:52.769455+00:00,"{""load"": 0.19656637671020738, ""memory"": 75}"
w_11,celery,2025-10-08 03:47:08.717686+00:00,"{""load"": 0.8472888121203486, ""memory"": 90}"
w_5,celery,2025-10-11 04:21:49.000512+00:00,"{""load"": 0.9676641981464208, ""memory"": 70}"
w_8,rq,2025-10-04 05:56:02.283107+00:00,"{""load"": 0.21131595896684496, ""memory"": 65}"
w_11,rq,2025-10-15 05:46:48.687565+00:00,"{""load"": 0.4452121220658587, ""memory"": 78}"
w_20,celery,2025-10-10 12:49:22.779018+00:00,"{""load"": 0.2985033905470489, ""memory"": 54}"
w_20,rq,2025-10-06 14:51:37.708811+00:00,"{""load"": 0.25194021240911346, ""memory"": 94}"
w_15,rq,2025-10-09 21:40:04.590882+00:00,"{""load"": 0.1557531405919398, ""memory"": 83}"
w_3,sidekiq,2025-10-04 12:44:03.156235+00:00,"{""load"": 0.9778114891381948, ""memory"": 91}"
w_7,celery,2025-10-10 08:58:15.119729+00:00,"{""load"": 0.13291849540135292, ""memory"": 91}"
w_8,celery,2025-10-01 21:28:51.453436+00:00,"{""load"": 0.1806365509475325, ""memory"": 60}"
w_11,rq,2025-10-06 06:38:13.640040+00:00,"{""load"": 0.8841102132056571, ""memory"": 68}"
w_10,rq,2025-10-11 23:09:56.438306+00:00,"{""load"": 0.23984174848088957, ""memory"": 50}"
w_20,rq,2025-10-12 19:28:50.006288+00:00,"{""load"": 0.7434998642840964, ""memory"": 96}"
w_9,celery,2025-10-05 00:58:51.322345+00:00,"{""load"": 0.8731840920006323, ""memory"": 94}"
w_15,sidekiq,2025-10-09 01:14:29.684364+00:00,"{""load"": 0.05824345277147125, ""memory"": 65}"
w_20,celery,2025-10-08 21:34:24.999368+00:00,"{""load"": 0.24505638925374296, ""memory"": 66}"
w_5,sidekiq,2025-10-07 09:36:33.233697+00:00,"{""load"": 0.5433059265666544, ""memory"": 53}"
w_15,rq,2025-10-04 16:45:12.535938+00:00,"{""load"": 0.18780777755756906, ""memory"": 82}"
w_4,celery,2025-10-11 08:17:04.870914+00:00,"{""load"": 0.14099339836597746, ""memory"": 59}"
w_5,sidekiq,2025-10-05 00:47:36.690239+00:00,"{""load"": 0.5405946539617489, ""memory"": 66}"
w_15,celery,2025-10-14 06:06:16.731665+00:00,"{""load"": 0.6391553456502899, ""memory"": 96}"
w_17,sidekiq,2025-10-08 21:34:35.161737+00:00,"{""load"": 0.9658850129433423, ""memory"": 63}"
w_8,sidekiq,2025-10-13 16:28:50.596811+00:00,"{""load"": 0.9016454232550885, ""memory"": 93}"
w_19,celery,2025-10-05 13:41:22.395085+00:00,"{""load"": 0.5607392871625457, ""memory"": 79}"
w_9,rq,2025-10-12 19:10:42.947411+00:00,"{""load"": 0.467312378155068, ""memory"": 90}"
w_10,celery,2025-10-03 02:11:27.472295+00:00,"{""load"": 0.4185655981373586, ""memory"": 61}"
w_5,rq,2025-10-12 05:39:17.981692+00:00,"{""load"": 0.2564286946517077, ""memory"": 66}"
w_10,sidekiq,2025-10-06 22:00:49.700070+00:00,"{""load"": 0.07951718452462597, ""memory"": 68}"
w_1,sidekiq,2025-10-08 01:55:00.011435+00:00,"{""load"": 0.9206884411696955, ""memory"": 64}"
w_4,celery,2025-10-03 20:02:50.134586+00:00,"{""load"": 0.5483574244356758, ""memory"": 63}"
w_5,celery,2025-10-01 18:15:32.052039+00:00,"{""load"": 0.3827473242075987, ""memory"": 91}"
w_7,rq,2025-10-10 19:50:32.487688+00:00,"{""load"": 0.33101534913102537, ""memory"": 92}"
w_5,rq,2025-10-09 17:28:24.035601+00:00,"{""load"": 0.22570307047010973, ""memory"": 68}"
w_20,celery,2025-10-10 05:08:09.092743+00:00,"{""load"": 0.9687660395681933, ""memory"": 60}"
w_8,rq,2025-10-05 01:40:50.126509+00:00,"{""load"": 0.45426699836555917, ""memory"": 67}"
w_17,rq,2025-10-04 20:23:50.019103+00:00,"{""load"": 0.9880544606955093, ""memory"": 82}"
w_1,celery,2025-10-13 02:58:46.418111+00:00,"{""load"": 0.8780579527918337, ""memory"": 52}"
w_18,celery,2025-10-12 03:46:51.329537+00:00,"{""load"": 0.6470622070490494, ""memory"": 50}"
w_12,sidekiq,2025-10-06 05:09:41.324122+00:00,"{""load"": 0.481251282371572, ""memory"": 87}"
w_3,sidekiq,2025-10-10 10:18:09.794044+00:00,"{""load"": 0.0998673529219899, ""memory"": 74}"
w_20,celery,2025-10-13 02:15:30.245043+00:00,"{""load"": 0.7388435092545264, ""memory"": 62}"
w_14,sidekiq,2025-10-13 22:38:48.093307+00:00,"{""load"": 0.9288898266555178, ""memory"": 60}"
w_16,rq,2025-10-01 13:57:03.253196+00:00,"{""load"": 0.5572863270001672, ""memory"": 83}"
w_18,celery,2025-10-12 21:19:24.110736+00:00,"{""load"": 0.014307285046622042, ""memory"": 58}"
w_10,sidekiq,2025-10-06 09:43:54.567505+00:00,"{""load"": 0.6208897045993514, ""memory"": 88}"
w_15,celery,2025-10-11 13:22:30.373265+00:00,"{""load"": 0.5432896550403248, ""memory"": 91}"
w_10,sidekiq,2025-10-06 16:47:27.090620+00:00,"{""load"": 0.6895972903277331, ""memory"": 70}"
w_1,celery,2025-10-09 23:41:58.895386+00:00,"{""load"": 0.16886869214973277, ""memory"": 50}"
w_19,rq,2025-10-10 13:19:08.039431+00:00,"{""load"": 0.8176993118476059, ""memory"": 77}"
w_2,sidekiq,2025-10-07 04:04:39.255700+00:00,"{""load"": 0.8558757799192603, ""memory"": 93}"
w_13,celery,2025-10-08 16:17:45.136544+00:00,"{""load"": 0.5577544003447928, ""memory"": 85}"
w_16,rq,2025-10-11 16:02:28.654673+00:00,"{""load"": 0.6902626091854012, ""memory"": 66}"
w_8,sidekiq,2025-10-08 04:02:18.853013+00:00,"{""load"": 0.09952240817407665, ""memory"": 51}"
w_3,sidekiq,2025-10-01 16:41:50.794759+00:00,"{""load"": 0.9692692443485262, ""memory"": 92}"
w_19,celery,2025-10-01 16:20:08.916688+00:00,"{""load"": 0.4486931369634679, ""memory"": 75}"
w_14,rq,2025-10-10 18:12:01.604220+00:00,"{""load"": 0.5161231573169517, ""memory"": 75}"
w_11,celery,2025-10-13 08:40:18.525306+00:00,"{""load"": 0.5117558875571745, ""memory"": 78}"
w_12,sidekiq,2025-10-12 11:51:06.870977+00:00,"{""load"": 0.5739747104683102, ""memory"": 96}"
w_11,celery,2025-10-05 20:17:40.205218+00:00,"{""load"": 0.7271297185132939, ""memory"": 60}"
w_11,celery,2025-10-08 02:17:56.289692+00:00,"{""load"": 0.6489821982378441, ""memory"": 82}"
w_18,rq,2025-10-04 18:40:40.831227+00:00,"{""load"": 0.35844944713356364, ""memory"": 77}"
w_10,rq,2025-10-15 08:21:15.731942+00:00,"{""load"": 0.07122402873572165, ""memory"": 87}"
w_16,sidekiq,2025-10-05 03:31:48.601025+00:00,"{""load"": 0.5795393434937254, ""memory"": 55}"
w_8,rq,2025-10-07 07:51:50.022711+00:00,"{""load"": 0.6417307075910107, ""memory"": 78}"
w_6,celery,2025-10-11 00:51:33.579522+00:00,"{""load"": 0.43850124827457704, ""memory"": 52}"
w_19,sidekiq,2025-10-13 18:20:30.973210+00:00,"{""load"": 0.09540343420515862, ""memory"": 87}"
w_13,rq,2025-10-02 05:17:44.987448+00:00,"{""load"": 0.4878416434777778, ""memory"": 62}"
w_15,celery,2025-10-05 17:08:33.400122+00:00,"{""load"": 0.0016524881419711646, ""memory"": 55}"
w_13,celery,2025-10-09 11:10:45.281698+00:00,"{""load"": 0.14659841356285608, ""memory"": 61}"
w_1,sidekiq,2025-10-10 03:45:11.503233+00:00,"{""load"": 0.7271028277136562, ""memory"": 92}"
w_2,sidekiq,2025-10-02 11:31:45.189609+00:00,"{""load"": 0.8426403122148679, ""memory"": 77}"
w_13,rq,2025-10-10 19:07:49.641294+00:00,"{""load"": 0.8479854599282461, ""memory"": 54}"
w_2,rq,2025-10-08 21:25:46.656640+00:00,"{""load"": 0.566799843804711, ""memory"": 66}"
w_11,rq,2025-10-13 02:04:58.078076+00:00,"{""load"": 0.2735531405685112, ""memory"": 84}"
w_13,rq,2025-10-04 14:39:20.027542+00:00,"{""load"": 0.020861472637409006, ""memory"": 95}"
w_10,sidekiq,2025-10-04 05:31:44.641082+00:00,"{""load"": 0.02183187635242312, ""memory"": 50}"
w_15,celery,2025-10-12 14:33:40.703644+00:00,"{""load"": 0.12154106932419406, ""memory"": 68}"
w_1,celery,2025-10-11 08:30:00.098365+00:00,"{""load"": 0.15505972141241342, ""memory"": 90}"
w_14,rq,2025-10-12 14:00:08.096955+00:00,"{""load"": 0.887482517068172, ""memory"": 91}"
w_10,sidekiq,2025-10-12 10:43:47.536988+00:00,"{""load"": 0.7667784245332432, ""memory"": 75}"
w_18,rq,2025-10-02 22:56:39.217485+00:00,"{""load"": 0.39323943172519416, ""memory"": 69}"
w_11,rq,2025-10-05 09:36:14.054013+00:00,"{""load"": 0.32660288026197704, ""memory"": 70}"
w_7,sidekiq,2025-10-05 03:23:18.980671+00:00,"{""load"": 0.921592310013318, ""memory"": 75}"
w_15,celery,2025-10-14 14:01:16.775602+00:00,"{""load"": 0.6467712888159438, ""memory"": 52}"
w_3,celery,2025-10-08 07:47:19.567971+00:00,"{""load"": 0.07778520020046797, ""memory"": 82}"
w_2,rq,2025-10-03 01:18:54.707714+00:00,"{""load"": 0.9666574372925296, ""memory"": 65}"
w_8,sidekiq,2025-10-05 13:17:53.435013+00:00,"{""load"": 0.41906809984307025, ""memory"": 61}"
w_8,celery,2025-10-13 16:57:32.234046+00:00,"{""load"": 0.769664488498658, ""memory"": 89}"
w_11,celery,2025-10-13 08:36:51.491029+00:00,"{""load"": 0.9351167434991574, ""memory"": 59}"
w_16,sidekiq,2025-10-14 02:30:50.639170+00:00,"{""load"": 0.8372857778497611, ""memory"": 59}"
w_2,sidekiq,2025-10-06 22:32:44.403503+00:00,"{""load"": 0.65417935903406, ""memory"": 53}"
w_5,celery,2025-10-10 11:29:26.027018+00:00,"{""load"": 0.40161857407923707, ""memory"": 68}"
w_7,rq,2025-10-05 09:27:59.173481+00:00,"{""load"": 0.747691009128637, ""memory"": 75}"
w_20,rq,2025-10-04 00:45:26.320562+00:00,"{""load"": 0.16737285154013604, ""memory"": 51}"
w_13,celery,2025-10-01 19:21:31.541441+00:00,"{""load"": 0.1546585001854821, ""memory"": 90}"
w_2,rq,2025-10-04 15:04:34.172744+00:00,"{""load"": 0.5317089965810524, ""memory"": 78}"
w_3,rq,2025-10-09 23:04:10.955985+00:00,"{""load"": 0.8987370618979222, ""memory"": 83}"
w_9,sidekiq,2025-10-14 03:48:52.795339+00:00,"{""load"": 0.2307839225136752, ""memory"": 77}"
w_10,sidekiq,2025-10-03 08:49:45.501169+00:00,"{""load"": 0.6186415165462653, ""memory"": 85}"
w_13,sidekiq,2025-10-14 08:27:06.784144+00:00,"{""load"": 0.31937166643826176, ""memory"": 99}"
w_13,rq,2025-10-06 08:02:57.980101+00:00,"{""load"": 0.14693799594601265, ""memory"": 82}"
w_5,sidekiq,2025-10-07 11:24:51.641850+00:00,"{""load"": 0.7439037629159088, ""memory"": 81}"
w_7,sidekiq,2025-10-06 14:37:58.042551+00:00,"{""load"": 0.5753245787430636, ""memory"": 84}"
w_17,celery,2025-10-07 05:17:32.406047+00:00,"{""load"": 0.33479554097365893, ""memory"": 56}"
w_15,sidekiq,2025-10-05 03:05:20.033257+00:00,"{""load"": 0.9585531853126267, ""memory"": 52}"
w_5,celery,2025-10-11 06:43:52.218886+00:00,"{""load"": 0.9937005233882049, ""memory"": 59}"
w_7,rq,2025-10-12 02:44:58.290183+00:00,"{""load"": 0.7378323605059232, ""memory"": 77}"
w_2,sidekiq,2025-10-13 00:33:57.352775+00:00,"{""load"": 0.42280347244881844, ""memory"": 59}"
w_18,celery,2025-10-06 06:40:23.880032+00:00,"{""load"": 0.8048854979915286, ""memory"": 52}"
w_10,celery,2025-10-12 04:54:52.687387+00:00,"{""load"": 0.839908332016071, ""memory"": 89}"
w_1,celery,2025-10-10 10:15:32.112404+00:00,"{""load"": 0.5271545895806339, ""memory"": 54}"
w_14,rq,2025-10-14 21:51:35.298642+00:00,"{""load"": 0.7024777844603521, ""memory"": 79}"
w_19,sidekiq,2025-10-07 10:43:40.137639+00:00,"{""load"": 0.9002165023806065, ""memory"": 88}"
w_16,rq,2025-10-15 09:24:57.846848+00:00,"{""load"": 0.868683211985112, ""memory"": 91}"
w_19,celery,2025-10-11 20:46:20.618698+00:00,"{""load"": 0.416826503924852, ""memory"": 61}"
w_6,rq,2025-10-12 08:49:45.572398+00:00,"{""load"": 0.5968497479960805, ""memory"": 89}"
w_12,rq,2025-10-01 20:38:12.598789+00:00,"{""load"": 0.32581787910568316, ""memory"": 95}"
w_3,celery,2025-10-08 11:07:33.045776+00:00,"{""load"": 0.7376926068316395, ""memory"": 65}"
w_7,sidekiq,2025-10-08 21:31:16.087213+00:00,"{""load"": 0.9708912590581186, ""memory"": 59}"
w_3,sidekiq,2025-10-02 01:38:29.883283+00:00,"{""load"": 0.7738347275154525, ""memory"": 82}"
w_17,rq,2025-10-05 20:52:33.927934+00:00,"{""load"": 0.8456047950983965, ""memory"": 60}"
w_15,sidekiq,2025-10-14 21:05:47.200887+00:00,"{""load"": 0.10288680774850534, ""memory"": 62}"
w_19,celery,2025-10-07 11:10:24.393421+00:00,"{""load"": 0.5182523114132099, ""memory"": 74}"
w_19,sidekiq,2025-10-04 02:43:54.720522+00:00,"{""load"": 0.6302497075356163, ""memory"": 97}"
w_11,rq,2025-10-08 16:28:54.500019+00:00,"{""load"": 0.2623413656370708, ""memory"": 90}"
w_20,celery,2025-10-01 23:20:42.842206+00:00,"{""load"": 0.947893822684675, ""memory"": 84}"
w_2,celery,2025-10-08 17:22:19.931485+00:00,"{""load"": 0.4339739231529036, ""memory"": 90}"
w_7,celery,2025-10-09 19:40:26.942974+00:00,"{""load"": 0.32849891969782763, ""memory"": 79}"
w_19,rq,2025-10-06 12:11:07.100944+00:00,"{""load"": 0.8178751571851274, ""memory"": 89}"
w_7,rq,2025-10-12 04:13:32.169214+00:00,"{""load"": 0.6919082311607575, ""memory"": 91}"
w_10,sidekiq,2025-10-03 09:35:59.747540+00:00,"{""load"": 0.5408179778557615, ""memory"": 85}"
w_12,rq,2025-10-13 19:04:10.652592+00:00,"{""load"": 0.04192635437798353, ""memory"": 90}"
w_18,celery,2025-10-14 21:01:46.163608+00:00,"{""load"": 0.26755736172680855, ""memory"": 97}"
w_6,rq,2025-10-01 12:24:53.280960+00:00,"{""load"": 0.5331214794964148, ""memory"": 90}"
w_20,rq,2025-10-13 07:09:16.119988+00:00,"{""load"": 0.3799749244584082, ""memory"": 61}"
w_8,sidekiq,2025-10-08 14:03:04.788118+00:00,"{""load"": 0.07028442064055129, ""memory"": 63}"
w_5,celery,2025-10-07 23:01:56.254691+00:00,"{""load"": 0.45323216509992736, ""memory"": 93}"
w_3,sidekiq,2025-10-04 20:11:46.247675+00:00,"{""load"": 0.46295159963864785, ""memory"": 69}"
w_2,sidekiq,2025-10-07 18:18:04.369729+00:00,"{""load"": 0.5246211016193748, ""memory"": 50}"
w_6,sidekiq,2025-10-14 19:20:36.680193+00:00,"{""load"": 0.8970236470327904, ""memory"": 51}"
w_7,celery,2025-10-04 10:49:28.722031+00:00,"{""load"": 0.31024642468761054, ""memory"": 71}"
w_8,sidekiq,2025-10-04 00:09:28.282030+00:00,"{""load"": 0.514038849212543, ""memory"": 68}"
w_4,celery,2025-10-04 21:16:37.769390+00:00,"{""load"": 0.7850933064979919, ""memory"": 91}"
w_12,sidekiq,2025-10-09 05:24:58.641470+00:00,"{""load"": 0.5858822449895921, ""memory"": 97}"
w_12,sidekiq,2025-10-14 12:34:50.656748+00:00,"{""load"": 0.8403366527442993, ""memory"": 88}"
w_17,celery,2025-10-09 12:49:27.172190+00:00,"{""load"": 0.2788366132106962, ""memory"": 52}"
w_19,rq,2025-10-04 21:48:36.403702+00:00,"{""load"": 0.9039557602771736, ""memory"": 64}"
w_9,sidekiq,2025-10-07 15:59:31.120613+00:00,"{""load"": 0.712361415041626, ""memory"": 95}"
w_12,rq,2025-10-06 23:10:27.999408+00:00,"{""load"": 0.43918094649942063, ""memory"": 81}"
w_17,sidekiq,2025-10-02 03:38:50.430746+00:00,"{""load"": 0.6224437462608272, ""memory"": 87}"
w_10,rq,2025-10-08 15:34:32.379981+00:00,"{""load"": 0.9846973894715495, ""memory"": 69}"
w_19,rq,2025-10-03 06:20:17.325272+00:00,"{""load"": 0.39367022897575166, ""memory"": 98}"
w_11,rq,2025-10-13 06:59:38.393305+00:00,"{""load"": 0.2998020337291105, ""memory"": 86}"
w_20,rq,2025-10-09 04:27:05.535084+00:00,"{""load"": 0.476770520606426, ""memory"": 79}"
w_13,rq,2025-10-13 07:47:16.001374+00:00,"{""load"": 0.5297659853858404, ""memory"": 85}"
w_4,celery,2025-10-14 21:13:51.653852+00:00,"{""load"": 0.7322942661400873, ""memory"": 71}"
w_15,rq,2025-10-14 16:54:40.556492+00:00,"{""load"": 0.06717543126585612, ""memory"": 87}"
w_12,celery,2025-10-02 21:44:39.322778+00:00,"{""load"": 0.9743037405035937, ""memory"": 54}"
w_10,sidekiq,2025-10-14 17:27:30.729747+00:00,"{""load"": 0.7274714824665264, ""memory"": 98}"
w_7,celery,2025-10-12 15:22:15.822542+00:00,"{""load"": 0.36697637339645006, ""memory"": 60}"
w_2,rq,2025-10-12 09:17:35.244123+00:00,"{""load"": 0.890181782611727, ""memory"": 74}"
w_7,celery,2025-10-02 18:16:59.482308+00:00,"{""load"": 0.4989128732895759, ""memory"": 54}"
w_8,rq,2025-10-04 00:19:00.983882+00:00,"{""load"": 0.9139026192809402, ""memory"": 54}"
w_19,celery,2025-10-15 03:39:17.624345+00:00,"{""load"": 0.40080123086202313, ""memory"": 65}"
w_6,sidekiq,2025-10-04 11:41:32.542095+00:00,"{""load"": 0.23991791885452485, ""memory"": 67}"
w_8,rq,2025-10-03 20:48:06.908170+00:00,"{""load"": 0.7126269631113109, ""memory"": 84}"
w_20,rq,2025-10-06 13:45:00.517991+00:00,"{""load"": 0.6419838879808051, ""memory"": 80}"
w_4,celery,2025-10-14 06:53:15.656538+00:00,"{""load"": 0.5245400227039607, ""memory"": 80}"
w_20,celery,2025-10-08 04:00:03.613518+00:00,"{""load"": 0.09581157965679699, ""memory"": 65}"
w_9,celery,2025-10-14 09:18:58.066610+00:00,"{""load"": 0.6547903536863806, ""memory"": 65}"
w_5,celery,2025-10-06 04:20:16.188790+00:00,"{""load"": 0.4258834644650292, ""memory"": 79}"
w_6,celery,2025-10-04 16:06:49.049267+00:00,"{""load"": 0.7092868733480133, ""memory"": 80}"
w_19,rq,2025-10-08 10:23:17.559506+00:00,"{""load"": 0.002081512349920267, ""memory"": 64}"
w_12,sidekiq,2025-10-10 02:48:00.846461+00:00,"{""load"": 0.29503739798127915, ""memory"": 87}"
w_5,celery,2025-10-06 23:32:37.188723+00:00,"{""load"": 0.9170987685830071, ""memory"": 69}"
w_5,rq,2025-10-06 08:15:58.504406+00:00,"{""load"": 0.6399449351048, ""memory"": 93}"
w_18,sidekiq,2025-10-04 13:16:04.510862+00:00,"{""load"": 0.9961529042006462, ""memory"": 74}"
w_6,sidekiq,2025-10-05 08:24:08.184422+00:00,"{""load"": 0.794888329801248, ""memory"": 99}"
w_9,celery,2025-10-10 22:10:03.488229+00:00,"{""load"": 0.8696865810608528, ""memory"": 57}"
w_11,rq,2025-10-06 16:16:39.032307+00:00,"{""load"": 0.43745822729717054, ""memory"": 64}"
w_14,rq,2025-10-02 14:47:54.117666+00:00,"{""load"": 0.9583093627029349, ""memory"": 84}"
w_2,rq,2025-10-03 10:25:12.759687+00:00,"{""load"": 0.6017866688516357, ""memory"": 52}"
w_14,rq,2025-10-06 17:07:09.866278+00:00,"{""load"": 0.5733284926111635, ""memory"": 83}"
w_19,rq,2025-10-14 10:37:58.139144+00:00,"{""load"": 0.1836247293841865, ""memory"": 84}"
w_10,sidekiq,2025-10-06 19:21:15.004487+00:00,"{""load"": 0.4498232757179522, ""memory"": 75}"
w_5,sidekiq,2025-10-02 08:22:32.656886+00:00,"{""load"": 0.3718128729306647, ""memory"": 73}"
w_4,sidekiq,2025-10-07 08:26:45.854332+00:00,"{""load"": 0.6596300245015665, ""memory"": 93}"
w_7,rq,2025-10-10 20:43:21.761654+00:00,"{""load"": 0.6568733022593589, ""memory"": 72}"
w_13,sidekiq,2025-10-09 19:26:53.884833+00:00,"{""load"": 0.27307429336854705, ""memory"": 91}"
w_10,sidekiq,2025-10-05 09:40:40.063302+00:00,"{""load"": 0.40290961636165257, ""memory"": 72}"
w_10,celery,2025-10-11 03:11:52.361320+00:00,"{""load"": 0.11008255919337417, ""memory"": 85}"
w_4,sidekiq,2025-10-10 07:53:23.242628+00:00,"{""load"": 0.8535658372113794, ""memory"": 92}"
w_16,celery,2025-10-03 21:51:00.423096+00:00,"{""load"": 0.8072674566054089, ""memory"": 92}"
w_15,rq,2025-10-03 18:28:50.596316+00:00,"{""load"": 0.34263539162817114, ""memory"": 87}"
w_11,rq,2025-10-09 03:51:12.656069+00:00,"{""load"": 0.5670359132189303, ""memory"": 72}"
w_19,rq,2025-10-10 17:34:16.883526+00:00,"{""load"": 0.41096451640043374, ""memory"": 86}"
w_3,rq,2025-10-14 23:12:07.043447+00:00,"{""load"": 0.26631231559797464, ""memory"": 92}"
w_15,sidekiq,2025-10-07 09:46:07.290933+00:00,"{""load"": 0.9792645980332182, ""memory"": 84}"
w_16,celery,2025-10-12 05:01:10.504307+00:00,"{""load"": 0.9376369703165807, ""memory"": 52}"
w_14,rq,2025-10-03 03:09:03.495924+00:00,"{""load"": 0.2533339206409648, ""memory"": 73}"
w_5,rq,2025-10-13 22:54:31.079441+00:00,"{""load"": 0.4018194070843274, ""memory"": 89}"
w_17,celery,2025-10-10 08:43:26.882076+00:00,"{""load"": 0.08025811998580301, ""memory"": 57}"
w_18,celery,2025-10-10 07:21:15.088802+00:00,"{""load"": 0.09595852986317432, ""memory"": 99}"
w_19,celery,2025-10-03 11:51:38.609884+00:00,"{""load"": 0.9217427503515333, ""memory"": 57}"
w_1,celery,2025-10-02 01:18:00.479235+00:00,"{""load"": 0.43769403822471176, ""memory"": 81}"
w_9,celery,2025-10-11 07:41:12.877306+00:00,"{""load"": 0.25726478612104664, ""memory"": 95}"
w_14,sidekiq,2025-10-03 03:19:51.492764+00:00,"{""load"": 0.49530165368961, ""memory"": 82}"
w_20,celery,2025-10-03 06:39:43.092816+00:00,"{""load"": 0.9997744776055287, ""memory"": 96}"
w_20,sidekiq,2025-10-04 03:00:00.177021+00:00,"{""load"": 0.3373808454831456, ""memory"": 86}"
w_11,celery,2025-10-02 20:50:34.146006+00:00,"{""load"": 0.4143135078056419, ""memory"": 52}"
w_2,celery,2025-10-10 06:07:54.792712+00:00,"{""load"": 0.06487921809393848, ""memory"": 63}"
w_20,rq,2025-10-07 09:47:37.013154+00:00,"{""load"": 0.801219691348342, ""memory"": 53}"
w_5,rq,2025-10-05 05:24:29.833379+00:00,"{""load"": 0.005841600121510249, ""memory"": 86}"
w_15,rq,2025-10-07 16:05:30.474689+00:00,"{""load"": 0.48909290289350327, ""memory"": 91}"
w_12,rq,2025-10-13 07:37:51.746498+00:00,"{""load"": 0.34805228699093416, ""memory"": 90}"
w_14,rq,2025-10-14 11:29:55.248341+00:00,"{""load"": 0.2938429187596653, ""memory"": 79}"
w_11,rq,2025-10-08 07:47:31.144573+00:00,"{""load"": 0.08001460782698788, ""memory"": 82}"
w_9,celery,2025-10-09 10:25:44.326120+00:00,"{""load"": 0.14505064080142627, ""memory"": 79}"
w_20,celery,2025-10-05 02:25:09.035739+00:00,"{""load"": 0.689411309547821, ""memory"": 53}"
w_8,rq,2025-10-08 16:34:11.017999+00:00,"{""load"": 0.7172054798944385, ""memory"": 81}"
w_12,rq,2025-10-11 23:22:05.476549+00:00,"{""load"": 0.019932167119719568, ""memory"": 68}"
w_3,rq,2025-10-08 09:21:29.234119+00:00,"{""load"": 0.03404938155356252, ""memory"": 65}"
w_15,celery,2025-10-05 17:29:47.380795+00:00,"{""load"": 0.47451853351413986, ""memory"": 89}"
w_8,rq,2025-10-09 15:33:48.746403+00:00,"{""load"": 0.9153289446656504, ""memory"": 50}"
w_7,rq,2025-10-14 18:04:35.134960+00:00,"{""load"": 0.1945402656577434, ""memory"": 84}"
w_17,celery,2025-10-13 22:21:45.269778+00:00,"{""load"": 0.4611031852005204, ""memory"": 66}"
w_12,celery,2025-10-12 06:27:55.581851+00:00,"{""load"": 0.20472040641736877, ""memory"": 75}"
w_20,sidekiq,2025-10-05 08:48:23.171672+00:00,"{""load"": 0.7592694196633919, ""memory"": 71}"
w_18,rq,2025-10-04 21:09:50.379929+00:00,"{""load"": 0.9344004323485264, ""memory"": 93}"
w_18,celery,2025-10-13 05:44:54.584779+00:00,"{""load"": 0.3494829772240141, ""memory"": 76}"
w_15,sidekiq,2025-10-04 00:55:21.619069+00:00,"{""load"": 0.5490299292113376, ""memory"": 58}"
w_3,celery,2025-10-09 23:29:07.437536+00:00,"{""load"": 0.965000209476719, ""memory"": 86}"
w_19,sidekiq,2025-10-07 15:28:49.659758+00:00,"{""load"": 0.4114967184695272, ""memory"": 93}"
w_15,sidekiq,2025-10-08 01:14:36.430837+00:00,"{""load"": 0.5391908707225317, ""memory"": 56}"
w_16,rq,2025-10-07 20:43:35.699697+00:00,"{""load"": 0.9330301542669718, ""memory"": 84}"
