run_id,step_id,type,status,started_at,ended_at,latency_ms,queue_time_ms,is_parallel,sla_breach,mean_latency_ms,var_latency_ms
0,step_15,model_call,succeeded,2025-09-11 09:18:15.969609,2025-09-11 09:18:20.583745,4614.136,0.0,0,1,3085.4395,3049344.769575361
1,step_7,http_call,failed,2025-09-11 10:06:21.735907,2025-09-11 10:06:26.647839,4911.932,0.0,0,1,3261.733230769231,3325159.63327555
2,step_14,model_call,running,2025-09-11 09:02:02.923654,2025-09-11 09:02:06.894240,3970.586,0.0,0,1,3085.4395,3049344.769575361
3,step_16,map,running,2025-09-11 06:05:37.453243,2025-09-11 06:05:38.177227,723.9839999999999,0.0,0,0,3177.718375,3059129.093095061
4,step_8,map,succeeded,2025-09-11 05:50:20.491763,2025-09-11 05:50:24.517847,4026.084,0.0,0,1,3177.718375,3059129.093095061
5,step_10,http_call,failed,2025-09-11 06:57:50.636851,2025-09-11 06:57:52.710244,2073.393,0.0,0,0,3261.733230769231,3325159.63327555
6,step_3,model_call,failed,2025-09-11 10:28:36.918153,2025-09-11 10:28:39.202672,2284.519,0.0,0,0,3085.4395,3049344.769575361
7,step_11,map,failed,2025-09-11 06:01:42.023638,2025-09-11 06:01:46.601278,4577.639999999999,0.0,0,1,3177.718375,3059129.093095061
8,step_19,join,running,2025-09-11 09:34:26.769933,2025-09-11 09:34:30.108659,3338.7259999999997,0.0,0,1,3042.4715675675675,2703669.928112531
9,step_12,map,succeeded,2025-09-11 07:02:50.082669,2025-09-11 07:02:54.528397,4445.728,0.0,0,1,3177.718375,3059129.093095061
10,step_14,transform,succeeded,2025-09-11 05:48:27.567221,2025-09-11 05:48:28.973529,1406.308,0.0,0,0,3035.7643055555554,2517261.7272049044
11,step_18,map,succeeded,2025-09-11 09:50:46.861625,2025-09-11 09:50:51.036959,4175.334000000001,0.0,0,1,3177.718375,3059129.093095061
12,step_12,model_call,succeeded,2025-09-11 08:53:55.554658,2025-09-11 08:54:01.402022,5847.364,0.0,0,1,3085.4395,3049344.769575361
13,step_6,http_call,succeeded,2025-09-11 07:01:09.856390,2025-09-11 07:01:12.374621,2518.231,0.0,0,1,3261.733230769231,3325159.63327555
14,step_20,join,running,2025-09-11 10:42:11.072976,2025-09-11 10:42:13.473318,2400.342,0.0,0,0,3042.4715675675675,2703669.928112531
15,step_20,model_call,succeeded,2025-09-11 07:46:30.680734,2025-09-11 07:46:35.791906,5111.172,0.0,0,1,3085.4395,3049344.769575361
16,step_18,http_call,running,2025-09-11 06:10:19.864343,2025-09-11 06:10:23.726218,3861.875,0.0,0,1,3261.733230769231,3325159.63327555
17,step_1,model_call,running,2025-09-11 07:24:06.719032,2025-09-11 07:24:07.501357,782.325,0.0,0,0,3085.4395,3049344.769575361
18,step_17,map,failed,2025-09-11 09:24:35.823655,2025-09-11 09:24:36.705194,881.539,0.0,0,0,3177.718375,3059129.093095061
19,step_20,join,failed,2025-09-11 08:48:44.218107,2025-09-11 08:48:48.192565,3974.4579999999996,0.0,0,1,3042.4715675675675,2703669.928112531
20,step_14,join,failed,2025-09-11 08:12:01.239994,2025-09-11 08:12:07.082730,5842.736000000001,0.0,0,1,3042.4715675675675,2703669.928112531
21,step_7,transform,failed,2025-09-11 08:32:52.815986,2025-09-11 08:32:56.787942,3971.956,0.0,0,1,3035.7643055555554,2517261.7272049044
22,step_3,map,succeeded,2025-09-11 07:20:24.397779,2025-09-11 07:20:30.157058,5759.279,0.0,0,1,3177.718375,3059129.093095061
23,step_19,model_call,running,2025-09-11 07:29:03.572559,2025-09-11 07:29:08.918699,5346.14,0.0,0,1,3085.4395,3049344.769575361
24,step_12,model_call,running,2025-09-11 10:09:37.173609,2025-09-11 10:09:43.133346,5959.736999999999,0.0,0,1,3085.4395,3049344.769575361
25,step_6,join,running,2025-09-11 06:43:56.939873,2025-09-11 06:44:01.796747,4856.874000000001,0.0,0,1,3042.4715675675675,2703669.928112531
26,step_12,join,succeeded,2025-09-11 08:52:56.094317,2025-09-11 08:53:01.157318,5063.001,0.0,0,1,3042.4715675675675,2703669.928112531
27,step_7,join,succeeded,2025-09-11 08:37:11.100065,2025-09-11 08:37:12.873151,1773.086,0.0,0,0,3042.4715675675675,2703669.928112531
28,step_5,model_call,succeeded,2025-09-11 06:04:48.875455,2025-09-11 06:04:49.516221,640.766,0.0,0,0,3085.4395,3049344.769575361
29,step_8,map,failed,2025-09-11 10:01:27.685149,2025-09-11 10:01:32.850007,5164.858,0.0,0,1,3177.718375,3059129.093095061
30,step_17,transform,failed,2025-09-11 06:13:07.440681,2025-09-11 06:13:12.162706,4722.025000000001,0.0,0,1,3035.7643055555554,2517261.7272049044
31,step_16,join,failed,2025-09-11 07:43:50.973481,2025-09-11 07:43:53.819554,2846.073,0.0,0,1,3042.4715675675675,2703669.928112531
32,step_11,model_call,succeeded,2025-09-11 08:21:18.952438,2025-09-11 08:21:22.151753,3199.315,0.0,0,1,3085.4395,3049344.769575361
33,step_4,transform,failed,2025-09-11 08:00:08.080938,2025-09-11 08:00:12.507496,4426.558,0.0,0,1,3035.7643055555554,2517261.7272049044
34,step_11,join,succeeded,2025-09-11 09:43:36.348580,2025-09-11 09:43:36.928134,579.554,0.0,0,0,3042.4715675675675,2703669.928112531
35,step_2,model_call,succeeded,2025-09-11 10:07:24.825949,2025-09-11 10:07:27.313079,2487.13,0.0,0,0,3085.4395,3049344.769575361
36,step_11,join,running,2025-09-11 10:19:47.150256,2025-09-11 10:19:48.724894,1574.638,0.0,0,0,3042.4715675675675,2703669.928112531
37,step_12,http_call,running,2025-09-11 10:32:55.992329,2025-09-11 10:33:01.840726,5848.397,0.0,0,1,3261.733230769231,3325159.63327555
38,step_15,http_call,failed,2025-09-11 08:08:16.709465,2025-09-11 08:08:20.305711,3596.2459999999996,0.0,0,1,3261.733230769231,3325159.63327555
39,step_19,http_call,running,2025-09-11 08:27:49.788901,2025-09-11 08:27:54.262289,4473.388,0.0,0,1,3261.733230769231,3325159.63327555
40,step_16,http_call,running,2025-09-11 06:35:41.840615,2025-09-11 06:35:47.790041,5949.4259999999995,0.0,0,1,3261.733230769231,3325159.63327555
41,step_1,http_call,running,2025-09-11 07:53:46.607030,2025-09-11 07:53:51.314483,4707.453,0.0,0,1,3261.733230769231,3325159.63327555
42,step_3,http_call,running,2025-09-11 09:26:37.591630,2025-09-11 09:26:38.268428,676.798,0.0,0,0,3261.733230769231,3325159.63327555
43,step_10,map,running,2025-09-11 08:45:35.304334,2025-09-11 08:45:37.902786,2598.4519999999998,0.0,0,1,3177.718375,3059129.093095061
44,step_8,transform,succeeded,2025-09-11 08:21:35.248739,2025-09-11 08:21:40.567610,5318.871,0.0,0,1,3035.7643055555554,2517261.7272049044
45,step_8,model_call,succeeded,2025-09-11 09:46:51.733141,2025-09-11 09:46:54.092046,2358.905,0.0,0,0,3085.4395,3049344.769575361
46,step_1,model_call,succeeded,2025-09-11 06:34:36.990566,2025-09-11 06:34:37.752365,761.799,0.0,0,0,3085.4395,3049344.769575361
47,step_1,http_call,succeeded,2025-09-11 08:30:36.234789,2025-09-11 08:30:36.507234,272.445,0.0,0,0,3261.733230769231,3325159.63327555
48,step_11,http_call,succeeded,2025-09-11 09:46:28.760064,2025-09-11 09:46:31.852474,3092.4100000000003,0.0,0,1,3261.733230769231,3325159.63327555
49,step_17,join,failed,2025-09-11 09:36:23.943509,2025-09-11 09:36:25.888418,1944.909,0.0,0,0,3042.4715675675675,2703669.928112531
50,step_2,transform,succeeded,2025-09-11 06:25:42.147159,2025-09-11 06:25:44.828935,2681.7760000000003,0.0,0,1,3035.7643055555554,2517261.7272049044
51,step_11,model_call,failed,2025-09-11 09:24:06.966155,2025-09-11 09:24:09.137298,2171.143,0.0,0,0,3085.4395,3049344.769575361
52,step_11,map,succeeded,2025-09-11 08:09:34.481869,2025-09-11 08:09:36.627314,2145.445,0.0,0,0,3177.718375,3059129.093095061
53,step_7,model_call,succeeded,2025-09-11 07:03:29.008660,2025-09-11 07:03:32.619773,3611.113,0.0,0,1,3085.4395,3049344.769575361
54,step_2,http_call,failed,2025-09-11 06:28:15.055250,2025-09-11 06:28:19.585537,4530.287,0.0,0,1,3261.733230769231,3325159.63327555
55,step_19,transform,running,2025-09-11 06:33:05.704326,2025-09-11 06:33:08.153629,2449.303,0.0,0,0,3035.7643055555554,2517261.7272049044
56,step_14,model_call,failed,2025-09-11 09:06:42.730742,2025-09-11 09:06:48.098402,5367.66,0.0,0,1,3085.4395,3049344.769575361
57,step_8,model_call,running,2025-09-11 08:10:34.863968,2025-09-11 08:10:39.928059,5064.091,0.0,0,1,3085.4395,3049344.769575361
58,step_11,join,failed,2025-09-11 08:12:27.341441,2025-09-11 08:12:32.448923,5107.482,0.0,0,1,3042.4715675675675,2703669.928112531
59,step_17,model_call,running,2025-09-11 08:31:26.962507,2025-09-11 08:31:29.991888,3029.381,0.0,0,1,3085.4395,3049344.769575361
60,step_7,transform,running,2025-09-11 08:24:15.187893,2025-09-11 08:24:18.937029,3749.136,0.0,0,1,3035.7643055555554,2517261.7272049044
61,step_16,transform,running,2025-09-11 07:01:55.997626,2025-09-11 07:01:56.874556,876.93,0.0,0,0,3035.7643055555554,2517261.7272049044
62,step_1,transform,running,2025-09-11 07:30:29.402191,2025-09-11 07:30:32.938567,3536.376,0.0,0,1,3035.7643055555554,2517261.7272049044
63,step_3,model_call,running,2025-09-11 08:36:41.703550,2025-09-11 08:36:41.935051,231.501,0.0,0,0,3085.4395,3049344.769575361
64,step_7,model_call,failed,2025-09-11 08:09:50.721308,2025-09-11 08:09:54.794690,4073.3819999999996,0.0,0,1,3085.4395,3049344.769575361
65,step_8,join,failed,2025-09-11 06:12:12.780690,2025-09-11 06:12:14.792964,2012.2740000000001,0.0,0,0,3042.4715675675675,2703669.928112531
66,step_9,join,failed,2025-09-11 07:35:59.437763,2025-09-11 07:36:01.946315,2508.5519999999997,0.0,0,1,3042.4715675675675,2703669.928112531
67,step_8,map,failed,2025-09-11 06:56:39.930049,2025-09-11 06:56:44.801410,4871.361,0.0,0,1,3177.718375,3059129.093095061
68,step_9,http_call,failed,2025-09-11 08:27:51.108755,2025-09-11 08:27:52.175659,1066.904,0.0,0,0,3261.733230769231,3325159.63327555
69,step_15,model_call,failed,2025-09-11 06:36:42.978461,2025-09-11 06:36:45.016804,2038.3429999999998,0.0,0,0,3085.4395,3049344.769575361
70,step_1,map,running,2025-09-11 09:07:16.066820,2025-09-11 09:07:21.389757,5322.937,0.0,0,1,3177.718375,3059129.093095061
71,step_14,http_call,succeeded,2025-09-11 10:27:16.521283,2025-09-11 10:27:16.841559,320.276,0.0,0,0,3261.733230769231,3325159.63327555
72,step_18,transform,running,2025-09-11 08:35:42.009477,2025-09-11 08:35:47.047933,5038.456,0.0,0,1,3035.7643055555554,2517261.7272049044
73,step_7,map,succeeded,2025-09-11 09:53:21.640497,2025-09-11 09:53:25.883037,4242.54,0.0,0,1,3177.718375,3059129.093095061
74,step_3,model_call,succeeded,2025-09-11 08:56:57.588397,2025-09-11 08:56:58.823083,1234.686,0.0,0,0,3085.4395,3049344.769575361
75,step_17,model_call,failed,2025-09-11 06:16:38.666684,2025-09-11 06:16:42.970643,4303.959,0.0,0,1,3085.4395,3049344.769575361
76,step_19,model_call,succeeded,2025-09-11 10:36:59.825127,2025-09-11 10:37:01.675856,1850.729,0.0,0,0,3085.4395,3049344.769575361
77,step_4,model_call,running,2025-09-11 06:12:08.074550,2025-09-11 06:12:10.899965,2825.415,0.0,0,1,3085.4395,3049344.769575361
78,step_5,map,failed,2025-09-11 06:01:16.105162,2025-09-11 06:01:17.470106,1364.944,0.0,0,0,3177.718375,3059129.093095061
79,step_2,transform,failed,2025-09-11 10:44:53.048059,2025-09-11 10:44:53.937628,889.5690000000001,0.0,0,0,3035.7643055555554,2517261.7272049044
80,step_6,transform,failed,2025-09-11 07:35:23.832889,2025-09-11 07:35:24.784047,951.1579999999999,0.0,0,0,3035.7643055555554,2517261.7272049044
81,step_18,join,running,2025-09-11 05:49:22.582860,2025-09-11 05:49:22.816189,233.329,0.0,0,0,3042.4715675675675,2703669.928112531
82,step_19,map,running,2025-09-11 06:10:34.469136,2025-09-11 06:10:34.955638,486.502,0.0,0,0,3177.718375,3059129.093095061
83,step_12,model_call,running,2025-09-11 09:43:56.725255,2025-09-11 09:43:59.699087,2973.832,0.0,0,1,3085.4395,3049344.769575361
84,step_7,model_call,succeeded,2025-09-11 06:51:56.689502,2025-09-11 06:52:02.625325,5935.823,0.0,0,1,3085.4395,3049344.769575361
85,step_4,map,failed,2025-09-11 07:13:55.999554,2025-09-11 07:14:00.338530,4338.976,0.0,0,1,3177.718375,3059129.093095061
86,step_11,http_call,succeeded,2025-09-11 09:01:01.134559,2025-09-11 09:01:06.904852,5770.293,0.0,0,1,3261.733230769231,3325159.63327555
87,step_8,transform,succeeded,2025-09-11 06:21:13.840612,2025-09-11 06:21:14.141318,300.70599999999996,0.0,0,0,3035.7643055555554,2517261.7272049044
88,step_4,transform,failed,2025-09-11 10:23:29.704697,2025-09-11 10:23:33.341646,3636.949,0.0,0,1,3035.7643055555554,2517261.7272049044
89,step_6,http_call,running,2025-09-11 07:04:56.498358,2025-09-11 07:04:57.023266,524.908,0.0,0,0,3261.733230769231,3325159.63327555
90,step_17,http_call,failed,2025-09-11 06:54:53.610667,2025-09-11 06:54:56.177159,2566.492,0.0,0,1,3261.733230769231,3325159.63327555
91,step_10,model_call,failed,2025-09-11 08:35:28.085528,2025-09-11 08:35:29.259309,1173.781,0.0,0,0,3085.4395,3049344.769575361
92,step_16,map,running,2025-09-11 08:18:42.064104,2025-09-11 08:18:47.218202,5154.098,0.0,0,1,3177.718375,3059129.093095061
93,step_2,join,succeeded,2025-09-11 06:52:23.906111,2025-09-11 06:52:26.257808,2351.697,0.0,0,0,3042.4715675675675,2703669.928112531
94,step_15,join,running,2025-09-11 08:14:26.174427,2025-09-11 08:14:30.636952,4462.525000000001,0.0,0,1,3042.4715675675675,2703669.928112531
95,step_18,join,failed,2025-09-11 08:35:27.911746,2025-09-11 08:35:29.932195,2020.449,0.0,0,0,3042.4715675675675,2703669.928112531
96,step_9,transform,running,2025-09-11 07:07:57.888278,2025-09-11 07:08:00.528677,2640.399,0.0,0,1,3035.7643055555554,2517261.7272049044
97,step_11,map,failed,2025-09-11 08:07:26.667515,2025-09-11 08:07:27.915582,1248.067,0.0,0,0,3177.718375,3059129.093095061
98,step_6,join,succeeded,2025-09-11 06:43:29.975501,2025-09-11 06:43:32.955858,2980.357,0.0,0,1,3042.4715675675675,2703669.928112531
99,step_6,join,succeeded,2025-09-11 06:38:55.075185,2025-09-11 06:38:58.763213,3688.0280000000002,0.0,0,1,3042.4715675675675,2703669.928112531
100,step_2,join,failed,2025-09-11 08:08:01.468700,2025-09-11 08:08:01.894791,426.091,0.0,0,0,3042.4715675675675,2703669.928112531
101,step_1,join,failed,2025-09-11 09:36:30.256305,2025-09-11 09:36:32.491933,2235.628,0.0,0,0,3042.4715675675675,2703669.928112531
102,step_7,transform,failed,2025-09-11 06:01:42.485456,2025-09-11 06:01:43.357179,871.7230000000001,0.0,0,0,3035.7643055555554,2517261.7272049044
103,step_11,map,succeeded,2025-09-11 06:37:20.528166,2025-09-11 06:37:20.884321,356.155,0.0,0,0,3177.718375,3059129.093095061
104,step_16,http_call,succeeded,2025-09-11 05:49:43.453159,2025-09-11 05:49:45.310591,1857.432,0.0,0,0,3261.733230769231,3325159.63327555
105,step_6,join,running,2025-09-11 09:29:45.985422,2025-09-11 09:29:50.384237,4398.815,0.0,0,1,3042.4715675675675,2703669.928112531
106,step_12,join,running,2025-09-11 07:35:53.023335,2025-09-11 07:35:57.501093,4477.758,0.0,0,1,3042.4715675675675,2703669.928112531
107,step_17,model_call,succeeded,2025-09-11 10:25:39.312719,2025-09-11 10:25:39.936161,623.442,0.0,0,0,3085.4395,3049344.769575361
108,step_18,transform,succeeded,2025-09-11 09:37:32.569497,2025-09-11 09:37:37.487719,4918.222,0.0,0,1,3035.7643055555554,2517261.7272049044
109,step_7,map,succeeded,2025-09-11 08:19:18.452769,2025-09-11 08:19:19.908775,1456.0059999999999,0.0,0,0,3177.718375,3059129.093095061
110,step_10,map,running,2025-09-11 06:31:41.779332,2025-09-11 06:31:44.797644,3018.312,0.0,0,1,3177.718375,3059129.093095061
111,step_14,transform,succeeded,2025-09-11 06:08:08.914572,2025-09-11 06:08:12.242625,3328.0530000000003,0.0,0,1,3035.7643055555554,2517261.7272049044
112,step_15,http_call,succeeded,2025-09-11 05:58:14.535838,2025-09-11 05:58:15.683648,1147.81,0.0,0,0,3261.733230769231,3325159.63327555
113,step_18,http_call,succeeded,2025-09-11 07:16:43.432478,2025-09-11 07:16:47.775733,4343.255,0.0,0,1,3261.733230769231,3325159.63327555
114,step_11,model_call,succeeded,2025-09-11 09:00:41.566115,2025-09-11 09:00:43.859623,2293.5080000000003,0.0,0,0,3085.4395,3049344.769575361
115,step_16,map,failed,2025-09-11 08:11:10.114539,2025-09-11 08:11:10.988347,873.808,0.0,0,0,3177.718375,3059129.093095061
116,step_1,model_call,failed,2025-09-11 06:26:55.199626,2025-09-11 06:27:00.565092,5365.465999999999,0.0,0,1,3085.4395,3049344.769575361
117,step_9,http_call,failed,2025-09-11 06:42:13.585318,2025-09-11 06:42:17.675344,4090.026,0.0,0,1,3261.733230769231,3325159.63327555
118,step_19,transform,succeeded,2025-09-11 08:55:01.683886,2025-09-11 08:55:04.915566,3231.68,0.0,0,1,3035.7643055555554,2517261.7272049044
119,step_15,join,failed,2025-09-11 10:16:49.663731,2025-09-11 10:16:52.202747,2539.016,0.0,0,1,3042.4715675675675,2703669.928112531
120,step_13,transform,succeeded,2025-09-11 07:04:22.355190,2025-09-11 07:04:25.286153,2930.963,0.0,0,1,3035.7643055555554,2517261.7272049044
121,step_19,join,running,2025-09-11 06:30:16.200996,2025-09-11 06:30:18.352922,2151.926,0.0,0,0,3042.4715675675675,2703669.928112531
122,step_9,map,running,2025-09-11 09:58:24.776734,2025-09-11 09:58:29.540930,4764.196,0.0,0,1,3177.718375,3059129.093095061
123,step_10,http_call,succeeded,2025-09-11 07:37:57.742569,2025-09-11 07:38:01.977028,4234.459,0.0,0,1,3261.733230769231,3325159.63327555
124,step_10,http_call,running,2025-09-11 08:22:35.962663,2025-09-11 08:22:37.670217,1707.554,0.0,0,0,3261.733230769231,3325159.63327555
125,step_17,model_call,running,2025-09-11 10:22:01.059331,2025-09-11 10:22:01.687741,628.41,0.0,0,0,3085.4395,3049344.769575361
126,step_5,http_call,succeeded,2025-09-11 06:17:25.503247,2025-09-11 06:17:28.029174,2525.9269999999997,0.0,0,1,3261.733230769231,3325159.63327555
127,step_19,transform,succeeded,2025-09-11 08:25:06.249296,2025-09-11 08:25:07.946578,1697.282,0.0,0,0,3035.7643055555554,2517261.7272049044
128,step_13,map,running,2025-09-11 09:43:06.375306,2025-09-11 09:43:09.953931,3578.625,0.0,0,1,3177.718375,3059129.093095061
129,step_19,join,running,2025-09-11 07:09:44.070270,2025-09-11 07:09:47.665195,3594.9249999999997,0.0,0,1,3042.4715675675675,2703669.928112531
130,step_3,http_call,failed,2025-09-11 06:59:30.056585,2025-09-11 06:59:30.256805,200.22,0.0,0,0,3261.733230769231,3325159.63327555
131,step_6,model_call,running,2025-09-11 10:21:49.526345,2025-09-11 10:21:51.318972,1792.627,0.0,0,0,3085.4395,3049344.769575361
132,step_12,transform,succeeded,2025-09-11 09:18:15.703368,2025-09-11 09:18:21.195871,5492.503,0.0,0,1,3035.7643055555554,2517261.7272049044
133,step_16,map,running,2025-09-11 09:04:36.800123,2025-09-11 09:04:40.020634,3220.511,0.0,0,1,3177.718375,3059129.093095061
134,step_11,transform,succeeded,2025-09-11 06:23:49.652643,2025-09-11 06:23:51.036893,1384.25,0.0,0,0,3035.7643055555554,2517261.7272049044
135,step_3,map,succeeded,2025-09-11 08:07:39.623603,2025-09-11 08:07:40.995171,1371.568,0.0,0,0,3177.718375,3059129.093095061
136,step_15,join,failed,2025-09-11 10:46:39.963623,2025-09-11 10:46:40.859666,896.043,0.0,0,0,3042.4715675675675,2703669.928112531
137,step_2,join,running,2025-09-11 06:42:21.636014,2025-09-11 06:42:27.577790,5941.776,0.0,0,1,3042.4715675675675,2703669.928112531
138,step_2,transform,succeeded,2025-09-11 06:47:14.849635,2025-09-11 06:47:18.697813,3848.178,0.0,0,1,3035.7643055555554,2517261.7272049044
139,step_1,transform,failed,2025-09-11 06:06:07.387960,2025-09-11 06:06:12.785880,5397.92,0.0,0,1,3035.7643055555554,2517261.7272049044
140,step_16,model_call,running,2025-09-11 08:06:32.658358,2025-09-11 08:06:36.057004,3398.6459999999997,0.0,0,1,3085.4395,3049344.769575361
141,step_1,join,succeeded,2025-09-11 10:34:06.287258,2025-09-11 10:34:07.956558,1669.3,0.0,0,0,3042.4715675675675,2703669.928112531
142,step_17,model_call,running,2025-09-11 08:59:35.379865,2025-09-11 08:59:39.071511,3691.646,0.0,0,1,3085.4395,3049344.769575361
143,step_20,model_call,running,2025-09-11 05:47:37.298487,2025-09-11 05:47:39.878241,2579.754,0.0,0,1,3085.4395,3049344.769575361
144,step_10,transform,running,2025-09-11 10:30:12.324194,2025-09-11 10:30:17.550270,5226.076,0.0,0,1,3035.7643055555554,2517261.7272049044
145,step_11,join,failed,2025-09-11 09:43:23.962792,2025-09-11 09:43:28.911430,4948.638,0.0,0,1,3042.4715675675675,2703669.928112531
146,step_13,join,running,2025-09-11 06:10:39.619847,2025-09-11 06:10:43.007173,3387.326,0.0,0,1,3042.4715675675675,2703669.928112531
147,step_18,transform,failed,2025-09-11 08:47:07.708523,2025-09-11 08:47:11.134091,3425.568,0.0,0,1,3035.7643055555554,2517261.7272049044
148,step_3,transform,failed,2025-09-11 08:30:21.406088,2025-09-11 08:30:23.845353,2439.265,0.0,0,0,3035.7643055555554,2517261.7272049044
149,step_11,map,succeeded,2025-09-11 06:04:29.023534,2025-09-11 06:04:30.846956,1823.422,0.0,0,0,3177.718375,3059129.093095061
150,step_8,http_call,succeeded,2025-09-11 08:07:39.191885,2025-09-11 08:07:44.374591,5182.705999999999,0.0,0,1,3261.733230769231,3325159.63327555
151,step_17,join,succeeded,2025-09-11 07:37:14.089617,2025-09-11 07:37:18.706287,4616.67,0.0,0,1,3042.4715675675675,2703669.928112531
152,step_11,model_call,running,2025-09-11 09:28:24.501025,2025-09-11 09:28:26.350581,1849.556,0.0,0,0,3085.4395,3049344.769575361
153,step_4,model_call,failed,2025-09-11 06:08:15.622948,2025-09-11 06:08:17.727094,2104.146,0.0,0,0,3085.4395,3049344.769575361
154,step_9,http_call,running,2025-09-11 08:35:42.634256,2025-09-11 08:35:44.339962,1705.706,0.0,0,0,3261.733230769231,3325159.63327555
155,step_9,map,running,2025-09-11 10:18:34.152515,2025-09-11 10:18:38.615964,4463.449,0.0,0,1,3177.718375,3059129.093095061
156,step_10,map,failed,2025-09-11 09:05:42.406336,2025-09-11 09:05:45.068036,2661.7000000000003,0.0,0,1,3177.718375,3059129.093095061
157,step_10,http_call,succeeded,2025-09-11 05:49:05.453492,2025-09-11 05:49:11.092773,5639.281000000001,0.0,0,1,3261.733230769231,3325159.63327555
158,step_2,transform,succeeded,2025-09-11 06:09:52.740853,2025-09-11 06:09:54.661364,1920.511,0.0,0,0,3035.7643055555554,2517261.7272049044
159,step_7,model_call,running,2025-09-11 09:04:49.381517,2025-09-11 09:04:49.851581,470.06399999999996,0.0,0,0,3085.4395,3049344.769575361
160,step_12,map,running,2025-09-11 09:13:30.866262,2025-09-11 09:13:35.979620,5113.358,0.0,0,1,3177.718375,3059129.093095061
161,step_4,http_call,failed,2025-09-11 10:31:32.513621,2025-09-11 10:31:35.051938,2538.317,0.0,0,1,3261.733230769231,3325159.63327555
162,step_6,model_call,running,2025-09-11 05:58:20.139110,2025-09-11 05:58:25.480126,5341.016,0.0,0,1,3085.4395,3049344.769575361
163,step_5,model_call,running,2025-09-11 09:10:50.910935,2025-09-11 09:10:52.797654,1886.719,0.0,0,0,3085.4395,3049344.769575361
164,step_11,map,failed,2025-09-11 08:02:40.609191,2025-09-11 08:02:42.001461,1392.27,0.0,0,0,3177.718375,3059129.093095061
165,step_1,map,running,2025-09-11 08:22:47.042953,2025-09-11 08:22:49.938394,2895.441,0.0,0,1,3177.718375,3059129.093095061
166,step_7,model_call,running,2025-09-11 09:40:41.809709,2025-09-11 09:40:46.952908,5143.1990000000005,0.0,0,1,3085.4395,3049344.769575361
167,step_9,map,running,2025-09-11 10:17:12.044871,2025-09-11 10:17:13.076672,1031.801,0.0,0,0,3177.718375,3059129.093095061
168,step_13,map,failed,2025-09-11 06:31:22.155132,2025-09-11 06:31:27.607568,5452.436,0.0,0,1,3177.718375,3059129.093095061
169,step_13,transform,running,2025-09-11 10:27:23.028423,2025-09-11 10:27:24.602078,1573.655,0.0,0,0,3035.7643055555554,2517261.7272049044
170,step_10,http_call,running,2025-09-11 08:36:30.177686,2025-09-11 08:36:30.755459,577.773,0.0,0,0,3261.733230769231,3325159.63327555
171,step_2,join,succeeded,2025-09-11 10:40:24.697308,2025-09-11 10:40:25.918721,1221.413,0.0,0,0,3042.4715675675675,2703669.928112531
172,step_19,map,succeeded,2025-09-11 10:31:35.780897,2025-09-11 10:31:37.850321,2069.424,0.0,0,0,3177.718375,3059129.093095061
173,step_5,http_call,succeeded,2025-09-11 07:19:46.175611,2025-09-11 07:19:51.348023,5172.411999999999,0.0,0,1,3261.733230769231,3325159.63327555
174,step_19,join,failed,2025-09-11 09:01:21.662806,2025-09-11 09:01:25.522634,3859.828,0.0,0,1,3042.4715675675675,2703669.928112531
175,step_12,model_call,running,2025-09-11 08:13:46.915705,2025-09-11 08:13:52.783842,5868.137,0.0,0,1,3085.4395,3049344.769575361
176,step_17,map,succeeded,2025-09-11 09:18:59.107844,2025-09-11 09:19:02.412574,3304.73,0.0,0,1,3177.718375,3059129.093095061
177,step_9,join,succeeded,2025-09-11 08:17:57.742890,2025-09-11 08:18:03.730324,5987.434,0.0,0,1,3042.4715675675675,2703669.928112531
178,step_18,model_call,succeeded,2025-09-11 05:55:03.087864,2025-09-11 05:55:07.581094,4493.23,0.0,0,1,3085.4395,3049344.769575361
179,step_19,model_call,failed,2025-09-11 09:19:31.470201,2025-09-11 09:19:35.416920,3946.719,0.0,0,1,3085.4395,3049344.769575361
180,step_19,http_call,succeeded,2025-09-11 06:48:16.172449,2025-09-11 06:48:19.167418,2994.969,0.0,0,1,3261.733230769231,3325159.63327555
181,step_4,map,failed,2025-09-11 06:49:16.698463,2025-09-11 06:49:22.497684,5799.2210000000005,0.0,0,1,3177.718375,3059129.093095061
182,step_15,map,succeeded,2025-09-11 07:37:39.272654,2025-09-11 07:37:40.482646,1209.992,0.0,0,0,3177.718375,3059129.093095061
183,step_1,transform,succeeded,2025-09-11 08:30:14.751891,2025-09-11 08:30:17.520621,2768.73,0.0,0,1,3035.7643055555554,2517261.7272049044
184,step_3,http_call,succeeded,2025-09-11 08:18:36.366402,2025-09-11 08:18:40.558338,4191.936,0.0,0,1,3261.733230769231,3325159.63327555
185,step_15,transform,running,2025-09-11 10:36:40.426174,2025-09-11 10:36:41.082293,656.119,0.0,0,0,3035.7643055555554,2517261.7272049044
186,step_9,model_call,failed,2025-09-11 09:59:25.413697,2025-09-11 09:59:26.631577,1217.88,0.0,0,0,3085.4395,3049344.769575361
187,step_19,transform,running,2025-09-11 07:59:35.730170,2025-09-11 07:59:39.863206,4133.036,0.0,0,1,3035.7643055555554,2517261.7272049044
188,step_8,http_call,failed,2025-09-11 10:36:45.445119,2025-09-11 10:36:49.675599,4230.48,0.0,0,1,3261.733230769231,3325159.63327555
189,step_11,model_call,succeeded,2025-09-11 09:18:14.797196,2025-09-11 09:18:19.247960,4450.764,0.0,0,1,3085.4395,3049344.769575361
190,step_6,http_call,failed,2025-09-11 07:43:35.923483,2025-09-11 07:43:41.806640,5883.157,0.0,0,1,3261.733230769231,3325159.63327555
191,step_7,http_call,failed,2025-09-11 06:05:08.969556,2025-09-11 06:05:13.664338,4694.782,0.0,0,1,3261.733230769231,3325159.63327555
192,step_15,transform,succeeded,2025-09-11 09:50:57.316088,2025-09-11 09:51:02.772514,5456.426,0.0,0,1,3035.7643055555554,2517261.7272049044
193,step_19,map,running,2025-09-11 09:17:26.821697,2025-09-11 09:17:30.636827,3815.13,0.0,0,1,3177.718375,3059129.093095061
194,step_10,transform,running,2025-09-11 10:15:47.671847,2025-09-11 10:15:49.662726,1990.8790000000001,0.0,0,0,3035.7643055555554,2517261.7272049044
195,step_8,map,failed,2025-09-11 06:15:44.002681,2025-09-11 06:15:49.912093,5909.411999999999,0.0,0,1,3177.718375,3059129.093095061
196,step_12,join,succeeded,2025-09-11 07:04:01.766753,2025-09-11 07:04:02.426524,659.771,0.0,0,0,3042.4715675675675,2703669.928112531
197,step_18,http_call,running,2025-09-11 10:14:56.435802,2025-09-11 10:14:59.035393,2599.5910000000003,0.0,0,1,3261.733230769231,3325159.63327555
198,step_10,http_call,running,2025-09-11 07:26:43.867042,2025-09-11 07:26:48.795691,4928.649,0.0,0,1,3261.733230769231,3325159.63327555
199,step_20,model_call,succeeded,2025-09-11 08:24:54.285678,2025-09-11 08:24:55.993112,1707.434,0.0,0,0,3085.4395,3049344.769575361
